<?xml version="1.0" encoding="UTF-8"?>

<serialization
   xmlns="http://guidewire.com/xml"
   xmlns:tns="http://guidewire.com/xml"
   xmlns:xsd="http://www.w3.org/1999/XMLSchema"
   xmlns:xsi="http://www.w3.org/1999/XMLSchema-instance">
  <ResourceContextMap>
    <mappings length="51" xsi:type="ResourceContextMapping">
      <item-0 res-id="SmokeTests.API.ClaimApiClient" xsi:type="ResourceContextMapping">
        <ctxs length="0"/>
      </item-0>
      <item-1 res-id="SmokeTests.Pages.Claim.LossDetailsPage" xsi:type="ResourceContextMapping">
        <ctxs length="0"/>
      </item-1>
      <item-2 res-id="SmokeTests.Pages.LoginPage" xsi:type="ResourceContextMapping">
        <ctxs length="0"/>
      </item-2>
      <item-3 res-id="gw.test.cc.web.search.ClaimSearchResultRow" xsi:type="ResourceContextMapping">
        <ctxs length="0"/>
      </item-3>
      <item-4 res-id="SmokeTests.Pages.Elements.Link" xsi:type="ResourceContextMapping">
        <ctxs length="0"/>
      </item-4>
      <item-5 res-id="SmokeTests.Pages.Elements.DropDownField" xsi:type="ResourceContextMapping">
        <ctxs length="0"/>
      </item-5>
      <item-6 res-id="SmokeTests.Pages.Claim.ClaimsInAssociationRow" xsi:type="ResourceContextMapping">
        <ctxs length="0"/>
      </item-6>
      <item-7 res-id="test.TestJavaInterfaces" xsi:type="ResourceContextMapping">
        <ctxs length="0"/>
      </item-7>
      <item-8 res-id="SmokeTests.Pages.ClaimWizard.StepTwoPolicyInformationPage" xsi:type="ResourceContextMapping">
        <ctxs length="0"/>
      </item-8>
      <item-9 res-id="gw.entity.GWAssessmentItemEnhancement" xsi:type="ResourceContextMapping">
        <ctxs length="0"/>
      </item-9>
      <item-10 res-id="SmokeTests.Pages.ClaimWizard.StepThreeAdditionalPolicyDetailPage" xsi:type="ResourceContextMapping">
        <ctxs length="0"/>
      </item-10>
      <item-11 res-id="gw.test.api.SequenceGen" xsi:type="ResourceContextMapping">
        <ctxs length="0"/>
      </item-11>
      <item-12 res-id="gw.test.cc.web.search.AdvancedSearch" xsi:type="ResourceContextMapping">
        <ctxs length="0"/>
      </item-12>
      <item-13 res-id="gw.test.cc.api.EntityLocator" xsi:type="ResourceContextMapping">
        <ctxs length="0"/>
      </item-13>
      <item-14 res-id="SmokeTests.Pages.Claim.ClaimSummaryPage" xsi:type="ResourceContextMapping">
        <ctxs length="0"/>
      </item-14>
      <item-15 res-id="gw.test.pl.web.element.ListViewElement" xsi:type="ResourceContextMapping">
        <ctxs length="0"/>
      </item-15>
      <item-16 res-id="gw.test.pl.web.element.GenericTest" xsi:type="ResourceContextMapping">
        <ctxs length="0"/>
      </item-16>
      <item-17 res-id="SmokeTests.Pages.Search.ClaimSearchPage" xsi:type="ResourceContextMapping">
        <ctxs length="0"/>
      </item-17>
      <item-18 res-id="SmokeTests.Pages.ClaimWizard.AbstractClaimWizardPage" xsi:type="ResourceContextMapping">
        <ctxs length="0"/>
      </item-18>
      <item-19 res-id="gw.test.pl.web.element.ListViewRow" xsi:type="ResourceContextMapping">
        <ctxs length="0"/>
      </item-19>
      <item-20 res-id="gw.test.cc.web.element.AutoClaimBot" xsi:type="ResourceContextMapping">
        <ctxs length="0"/>
      </item-20>
      <item-21 res-id="gw.entity.GWAssessmentContentItemEnhancement" xsi:type="ResourceContextMapping">
        <ctxs length="0"/>
      </item-21>
      <item-22 res-id="gw.test.pl.web.element.BaseElement" xsi:type="ResourceContextMapping">
        <ctxs length="0"/>
      </item-22>
      <item-23 res-id="SmokeTests.Pages.Elements.Button" xsi:type="ResourceContextMapping">
        <ctxs length="0"/>
      </item-23>
      <item-24 res-id="SmokeTests.API.MaintenanceToolsApiClient" xsi:type="ResourceContextMapping">
        <ctxs length="0"/>
      </item-24>
      <item-25 res-id="SmokeTests.Pages.Elements.TextField" xsi:type="ResourceContextMapping">
        <ctxs length="0"/>
      </item-25>
      <item-26 res-id="SmokeTests.Pages.ClaimCenterPage" xsi:type="ResourceContextMapping">
        <ctxs length="0"/>
      </item-26>
      <item-27 res-id="gw.entity.GWAssessmentSourceEnhancement" xsi:type="ResourceContextMapping">
        <ctxs length="0"/>
      </item-27>
      <item-28 res-id="SmokeTests.Pages.Elements.ContactField" xsi:type="ResourceContextMapping">
        <ctxs length="0"/>
      </item-28>
      <item-29 res-id="SmokeTests.Pages.Elements.DateField" xsi:type="ResourceContextMapping">
        <ctxs length="0"/>
      </item-29>
      <item-30 res-id="SmokeTests.Pages.ClaimWizard.NewClaimSavedPage" xsi:type="ResourceContextMapping">
        <ctxs length="0"/>
      </item-30>
      <item-31 res-id="SmokeTests.Pages.Claim.NewClaimAssociationPage" xsi:type="ResourceContextMapping">
        <ctxs length="0"/>
      </item-31>
      <item-32 res-id="SmokeTests.Pages.Claim.MenuLinks" xsi:type="ResourceContextMapping">
        <ctxs length="0"/>
      </item-32>
      <item-33 res-id="gw.test.pl.web.element.HtmlElement" xsi:type="ResourceContextMapping">
        <ctxs length="0"/>
      </item-33>
      <item-34 res-id="gw.test.cc.web.claim.ClaimDetailPage" xsi:type="ResourceContextMapping">
        <ctxs length="0"/>
      </item-34>
      <item-35 res-id="gw.test.cc.web.claim.HistoryPage" xsi:type="ResourceContextMapping">
        <ctxs length="0"/>
      </item-35>
      <item-36 res-id="SmokeTests.Pages.ClaimWizard.StepOneClaimTypePage" xsi:type="ResourceContextMapping">
        <ctxs length="0"/>
      </item-36>
      <item-37 res-id="gw.test.cc.api.MaintenanceToolsClient" xsi:type="ResourceContextMapping">
        <ctxs length="0"/>
      </item-37>
      <item-38 res-id="SmokeTests.Pages.Elements.TabBar" xsi:type="ResourceContextMapping">
        <ctxs length="0"/>
      </item-38>
      <item-39 res-id="gw.test.cc.api.DataObjectApiClient" xsi:type="ResourceContextMapping">
        <ctxs length="0"/>
      </item-39>
      <item-40 res-id="SmokeTests.Financials.FinancialsVerifyMethods" xsi:type="ResourceContextMapping">
        <ctxs length="0"/>
      </item-40>
      <item-41 res-id="gw.test.cc.api.ClaimApiClient" xsi:type="ResourceContextMapping">
        <ctxs length="0"/>
      </item-41>
      <item-42 res-id="SmokeTests.Pages.WebPage" xsi:type="ResourceContextMapping">
        <ctxs length="0"/>
      </item-42>
      <item-43 res-id="SmokeTests.Pages.Claim.AssociationPage" xsi:type="ResourceContextMapping">
        <ctxs length="0"/>
      </item-43>
      <item-44 res-id="gw.test.cc.api.PathLocator" xsi:type="ResourceContextMapping">
        <ctxs length="0"/>
      </item-44>
      <item-45 res-id="SmokeTests.Pages.Search.ClaimSearchResultRow" xsi:type="ResourceContextMapping">
        <ctxs length="0"/>
      </item-45>
      <item-46 res-id="gw.test.Test" xsi:type="ResourceContextMapping">
        <ctxs length="0"/>
      </item-46>
      <item-47 res-id="SmokeTests.Pages.DesktopActivityPage" xsi:type="ResourceContextMapping">
        <ctxs length="0"/>
      </item-47>
      <item-48 res-id="gw.test.cc.api.UserApiClient" xsi:type="ResourceContextMapping">
        <ctxs length="0"/>
      </item-48>
      <item-49 res-id="SmokeTests.Pages.ClaimWizard.StepFourContactInformationPage" xsi:type="ResourceContextMapping">
        <ctxs length="0"/>
      </item-49>
      <item-50 res-id="SmokeTests.Pages.ClaimSearchPopup" xsi:type="ResourceContextMapping">
        <ctxs length="0"/>
      </item-50>
    </mappings>
  </ResourceContextMap>
</serialization>