<?xml version="1.0" encoding="UTF-8"?>
<!--
  Mapping from ClaimCenter type codes to ISO ClaimSearch type codes. This file
  only contains mappings for ISO and is used only by the ISO ClaimSearch message
  sink
-->
<typecodemapping>

  <namespacelist>
    <namespace name="iso"/>
  </namespacelist>

  <typelist name="LossType">
    <mapping typecode="PR" namespace="iso" alias="Prop"/>
  </typelist>

  <typelist name="ExposureType">
    <mapping typecode="LossOfUseDamage" namespace="iso" alias="UseOccupancy"/>
    <mapping typecode="PropertyDamage" namespace="iso" alias="BLDG"/>
    <mapping typecode="PersonalPropertyDamage" namespace="iso" alias="C"/>
    <mapping typecode="LivingExpenses" namespace="iso" alias="UseOccupancy"/>
    <mapping typecode="Dwelling" namespace="iso" alias="BLDG"/>
    <mapping typecode="Content" namespace="iso" alias="C"/>
    <mapping typecode="OtherStructure" namespace="iso" alias="OT"/>
  </typelist>

  <typelist name="PolicyType">
    <mapping typecode="BusinessAuto" namespace="iso" alias="CAPP"/>
    <mapping typecode="PersonalAuto" namespace="iso" alias="PAPP"/>
    <mapping typecode="CommercialProperty" namespace="iso" alias="CPMP"/>
    <mapping typecode="Homeowners" namespace="iso" alias="PPHO"/>
    <mapping typecode="GeneralLiability" namespace="iso" alias="CCGL"/>
    <mapping typecode="WorkersComp" namespace="iso" alias="WCEL"/>
    <mapping typecode="prof_liability" namespace="iso" alias="PLIB"/>
    <mapping typecode="farmowners" namespace="iso" alias="CFRM"/>
    <mapping typecode="BusinessOwners" namespace="iso" alias="CPBO"/>
    <mapping typecode="InlandMarine" namespace="iso" alias="CIMR"/>
  </typelist>

  <typelist name="CoverageType">
    <mapping typecode="AccountsRecOffPremisesProperty" namespace="iso" alias="PROP"/>
    <mapping typecode="BAAudVisDataEqip2Cov" namespace="iso" alias="COMP"/>
    <mapping typecode="BACollisionCov" namespace="iso" alias="COLL"/>
    <mapping typecode="BACollisionLimited_MAMI" namespace="iso" alias="COLL"/>
    <mapping typecode="BAComprehensiveCov" namespace="iso" alias="COMP"/>
    <mapping typecode="CADeathDisabilityCov" namespace="iso" alias="BODI"/>
    <mapping typecode="BADOCCollisionCov" namespace="iso" alias="COLL"/>
    <mapping typecode="BADOCCompCov" namespace="iso" alias="COMP"/>
    <mapping typecode="BADOCLiabilityCov" namespace="iso" alias="BODI"/>
    <mapping typecode="BADOCMedPayCov" namespace="iso" alias="MPAY"/>
    <mapping typecode="BADOCUnderinsCov" namespace="iso" alias="UNDR"/>
    <mapping typecode="BADOCUninsuredCov" namespace="iso" alias="UNIN"/>
    <mapping typecode="BAFellowEmployeesCov" namespace="iso" alias="BODI"/>
    <mapping typecode="BAHiredCollisionCov" namespace="iso" alias="COLL"/>
    <mapping typecode="BAHiredCompCov" namespace="iso" alias="COMP"/>
    <mapping typecode="BAHiredLiabilityCov" namespace="iso" alias="BODI"/>
    <mapping typecode="BAHiredSpecPerilCov" namespace="iso" alias="COMP"/>
    <mapping typecode="BAHiredUIMCov" namespace="iso" alias="UNDR"/>
    <mapping typecode="BAHiredUMCov" namespace="iso" alias="UNIN"/>
    <mapping typecode="BALimitedPropDamCov" namespace="iso" alias="PRPD"/>
    <mapping typecode="BALoanLeaseGapCov" namespace="iso" alias="COMP"/>
    <mapping typecode="BALossOfUseCov" namespace="iso" alias="PRPD"/>
    <mapping typecode="BANonOwndSSExtendCov" namespace="iso" alias="BODI"/>
    <mapping typecode="BANonownedLiabCov" namespace="iso" alias="PRPD"/>
    <mapping typecode="BAOwnedLiabilityCov" namespace="iso" alias="BODI"/>
    <mapping typecode="BAOwnedMedPayCov" namespace="iso" alias="MPAY"/>
    <mapping typecode="BAOwnedUIMBICov" namespace="iso" alias="UNDR"/>
    <mapping typecode="BAOwnedUIMPDCov" namespace="iso" alias="UNDR"/>
    <mapping typecode="BAOwnedUMBICov" namespace="iso" alias="UNIN"/>
    <mapping typecode="BAOwnedUMBISuppCov" namespace="iso" alias="UNIN"/>
    <mapping typecode="BAOwnedUMPDCov" namespace="iso" alias="UNIN"/>
    <mapping typecode="BABobtailLiabCov" namespace="iso" alias="BODI"/>
    <mapping typecode="BADealerLimitLiabCov" namespace="iso" alias="BODI"/>
    <mapping typecode="BASeasonTrailerLiabCov" namespace="iso" alias="BODI"/>
    <mapping typecode="CAPIP_DE" namespace="iso" alias="NFLT"/>
    <mapping typecode="CAPIP_FL" namespace="iso" alias="NFLT"/>
    <mapping typecode="CAPIP_HI" namespace="iso" alias="NFLT"/>
    <mapping typecode="CAPIP_KS" namespace="iso" alias="NFLT"/>
    <mapping typecode="CAPIP_KY" namespace="iso" alias="NFLT"/>
    <mapping typecode="CAPIP_MA" namespace="iso" alias="NFLT"/>
    <mapping typecode="CAPIP_MD" namespace="iso" alias="NFLT"/>
    <mapping typecode="CAPIP_MI" namespace="iso" alias="NFLT"/>
    <mapping typecode="CAPIP_MN" namespace="iso" alias="NFLT"/>
    <mapping typecode="CAPIP_ND" namespace="iso" alias="NFLT"/>
    <mapping typecode="CAPIP_NJ" namespace="iso" alias="NFLT"/>
    <mapping typecode="CAPIP_NY" namespace="iso" alias="NFLT"/>
    <mapping typecode="CAPIP_OR" namespace="iso" alias="NFLT"/>
    <mapping typecode="CAPIP_PA" namespace="iso" alias="NFLT"/>
    <mapping typecode="CAPIP_TX" namespace="iso" alias="NFLT"/>
    <mapping typecode="CAPIP_UT" namespace="iso" alias="NFLT"/>
    <mapping typecode="CAPIP_WA" namespace="iso" alias="NFLT"/>
    <mapping typecode="CA_PIP_AR" namespace="iso" alias="NFLT"/>
    <mapping typecode="CA_PIP_DC" namespace="iso" alias="NFLT"/>
    <mapping typecode="BAPollutLiabBasicCov" namespace="iso" alias="RENT"/>
    <mapping typecode="BAPollutLiabBoardCov" namespace="iso" alias="RENT"/>
    <mapping typecode="BAPropProtectionCov" namespace="iso" alias="PRPD"/>
    <mapping typecode="BARentalCov" namespace="iso" alias="RENT"/>
    <mapping typecode="BASpecCausesLossCov" namespace="iso" alias="COMP"/>
    <mapping typecode="BATapeDiscRecordCov" namespace="iso" alias="COMP"/>
    <mapping typecode="BATowingLaborCov" namespace="iso" alias="TOWL"/>
    <mapping typecode="BOPAdditionalCov" namespace="iso" alias="PROP"/>
    <mapping typecode="BOPAggLimitProjCov" namespace="iso" alias="LIAB"/>
    <mapping typecode="BOPAlaskaAFGLCov" namespace="iso" alias="LIAB"/>
    <mapping typecode="BOPBarberCov" namespace="iso" alias="LIAB"/>
    <mapping typecode="BOPBuildingCov" namespace="iso" alias="PROP"/>
    <mapping typecode="BOPBurgRobCov" namespace="iso" alias="PROP"/>
    <mapping typecode="BOPBusIncDepPrpCov" namespace="iso" alias="PROP"/>
    <mapping typecode="BOPBusIncExtCov" namespace="iso" alias="PROP"/>
    <mapping typecode="BOPBusIncPayrollCov" namespace="iso" alias="PROP"/>
    <mapping typecode="BOPCAEqBldgRecCov" namespace="iso" alias="PROP"/>
    <mapping typecode="BOPCAEqBldgSubCov" namespace="iso" alias="PROP"/>
    <mapping typecode="BOPCertTerrorCap" namespace="iso" alias="LIAB"/>
    <mapping typecode="BOPComputerFraudCov" namespace="iso" alias="PROP"/>
    <mapping typecode="BOPCondoAssnCov" namespace="iso" alias="PROP"/>
    <mapping typecode="BOPCondoUnitOwnCov" namespace="iso" alias="PROP"/>
    <mapping typecode="BOPDesigPremProj" namespace="iso" alias="LIAB"/>
    <mapping typecode="BOPElectricalSchedCov" namespace="iso" alias="PROP"/>
    <mapping typecode="BOPEmpBenefits" namespace="iso" alias="LIAB"/>
    <mapping typecode="BOPEmpBenExtRpting" namespace="iso" alias="LIAB"/>
    <mapping typecode="BOPEmpDisCov" namespace="iso" alias="PROP"/>
    <mapping typecode="BOPEqBldgCov" namespace="iso" alias="PROP"/>
    <mapping typecode="BOPEqSpBldgCov" namespace="iso" alias="PROP"/>
    <mapping typecode="BOPFDService" namespace="iso" alias="PROP"/>
    <mapping typecode="BOPFoodContamCov" namespace="iso" alias="PROP"/>
    <mapping typecode="BOPForgeAltCov" namespace="iso" alias="PROP"/>
    <mapping typecode="BOPFuncPerPropCov" namespace="iso" alias="PROP"/>
    <mapping typecode="BOPFuneralDirCov" namespace="iso" alias="LIAB"/>
    <mapping typecode="BOPFungiPropCov" namespace="iso" alias="PROP"/>
    <mapping typecode="BOPGuestPropCov" namespace="iso" alias="LIAB"/>
    <mapping typecode="BOPGuestSafeDepCov" namespace="iso" alias="LIAB"/>
    <mapping typecode="BOPHearingAidCov" namespace="iso" alias="LIAB"/>
    <mapping typecode="BOPHiredAuto" namespace="iso" alias="LIAB"/>
    <mapping typecode="BOPLeasedWorkerInjCov" namespace="iso" alias="LIAB"/>
    <mapping typecode="BOPLiabilityCov" namespace="iso" alias="LIAB"/>
    <mapping typecode="BOPLiquorCov" namespace="iso" alias="LIAB"/>
    <mapping typecode="BOPLiquorEvents" namespace="iso" alias="LIAB"/>
    <mapping typecode="BOPLiquorRemoveExc" namespace="iso" alias="LIAB"/>
    <mapping typecode="BOPLocWindHailCov" namespace="iso" alias="PROP"/>
    <mapping typecode="BOPMALeadPoisonCov" namespace="iso" alias="LIAB"/>
    <mapping typecode="BOPMATenantReloCov" namespace="iso" alias="LIAB"/>
    <mapping typecode="BOPMechBreakdownCov" namespace="iso" alias="PROP"/>
    <mapping typecode="BOPMedExpCov" namespace="iso" alias="MPAY"/>
    <mapping typecode="BOPMineSubCov" namespace="iso" alias="PROP"/>
    <mapping typecode="BOPMoneySecCov" namespace="iso" alias="PROP"/>
    <mapping typecode="BOPMotelCov" namespace="iso" alias="PROP"/>
    <mapping typecode="BOPNewAcquiredOrgCov" namespace="iso" alias="LIAB"/>
    <mapping typecode="BOPNonOwnedAutoCov" namespace="iso" alias="LIAB"/>
    <mapping typecode="BOPOrdinanceCov" namespace="iso" alias="PROP"/>
    <mapping typecode="BOPOutdoorProp" namespace="iso" alias="PROP"/>
    <mapping typecode="BOPOutSignCov" namespace="iso" alias="PROP"/>
    <mapping typecode="BOPOverflowCov" namespace="iso" alias="PROP"/>
    <mapping typecode="BOPPersAdvertInj" namespace="iso" alias="LIAB"/>
    <mapping typecode="BOPPersonalEffects" namespace="iso" alias="PROP"/>
    <mapping typecode="BOPPersonalPropCov" namespace="iso" alias="PROP"/>
    <mapping typecode="BOPPersPropOffPrem" namespace="iso" alias="PROP"/>
    <mapping typecode="BOPPesticideApplicatorCov" namespace="iso" alias="LIAB"/>
    <mapping typecode="BOPPharmacistCov" namespace="iso" alias="LIAB"/>
    <mapping typecode="BOPPollutionCov" namespace="iso" alias="POLL"/>
    <mapping typecode="BOPPrinterCov" namespace="iso" alias="LIAB"/>
    <mapping typecode="BOPPropertyCov" namespace="iso" alias="PROP"/>
    <mapping typecode="BOPReceivablesCov" namespace="iso" alias="PROP"/>
    <mapping typecode="BOPSelfStorCov" namespace="iso" alias="PROP"/>
    <mapping typecode="BOPSpoilageCov" namespace="iso" alias="PROP"/>
    <mapping typecode="BOPTenantFireCov" namespace="iso" alias="LIAB"/>
    <mapping typecode="BOPTenantsLiabilityCov" namespace="iso" alias="LIAB"/>
    <mapping typecode="BOPToolsInstallUnschedCov" namespace="iso" alias="PROP"/>
    <mapping typecode="BOPToolsSchedCov" namespace="iso" alias="PROP"/>
    <mapping typecode="BOPUtilDirectCov" namespace="iso" alias="PROP"/>
    <mapping typecode="BOPUtilTimeCov" namespace="iso" alias="LUSE"/>
    <mapping typecode="BOPVacancyChangeCov" namespace="iso" alias="PROP"/>
    <mapping typecode="BOPVacancyCov" namespace="iso" alias="PROP"/>
    <mapping typecode="BOPValuablePapersCov" namespace="iso" alias="PROP"/>
    <mapping typecode="BOPVetCov" namespace="iso" alias="LIAB"/>
    <mapping typecode="BOPY2KIncomeExpenseCov" namespace="iso" alias="LUSE"/>
    <mapping typecode="BOPY2KLimitedCov" namespace="iso" alias="LIAB"/>
    <mapping typecode="BOPY2KPremOnlyCov" namespace="iso" alias="LIAB"/>
    <mapping typecode="BusIncChangeCov" namespace="iso" alias="LUSE"/>
    <mapping typecode="ContractorsEquipAdditionallyAcquiredProperty" namespace="iso" alias="PROP"/>
    <mapping typecode="ContractorsEquipDebrisRemoval" namespace="iso" alias="PROP"/>
    <mapping typecode="ContractorsEquipEmployeesTools" namespace="iso" alias="PROP"/>
    <mapping typecode="ContractorsEquipMiscUnscheduledCov" namespace="iso" alias="PROP"/>
    <mapping typecode="ContractorsEquipPollutionCleanup" namespace="iso" alias="PROP"/>
    <mapping typecode="ContractorsEquipPreservationOfProperty" namespace="iso" alias="PROP"/>
    <mapping typecode="ContractorsEquipRentalReibursement" namespace="iso" alias="PROP"/>
    <mapping typecode="ContractorsEquipRentedEquipment" namespace="iso" alias="PROP"/>
    <mapping typecode="ContractorsEquipSchedCov" namespace="iso" alias="PROP"/>
    <mapping typecode="CPBldgBusIncomeCov" namespace="iso" alias="PROP"/>
    <mapping typecode="CPBldgCov" namespace="iso" alias="PROP"/>
    <mapping typecode="CPBldgExtraExpenseCov" namespace="iso" alias="PROP"/>
    <mapping typecode="CPBldgStockCov" namespace="iso" alias="PROP"/>
    <mapping typecode="CPBlanketCov" namespace="iso" alias="PROP"/>
    <mapping typecode="CPBPPCov" namespace="iso" alias="PROP"/>
    <mapping typecode="DandO" namespace="iso" alias="DRCT"/>
    <mapping typecode="DPDW_Dwelling_Cov_HOE" namespace="iso" alias="PROD"/>
    <mapping typecode="DPDW_Loss_Of_Use_HOE" namespace="iso" alias="LUSE"/>
    <mapping typecode="DPDW_OrdinanceCov_HOE" namespace="iso" alias="PROD"/>
    <mapping typecode="DPDW_Other_Structures_HOE" namespace="iso" alias="PROD"/>
    <mapping typecode="DPDW_Personal_Property_HOE" namespace="iso" alias="PROD"/>
    <mapping typecode="DPDW_Theft_HOE" namespace="iso" alias="PROD"/>
    <mapping typecode="DPLI_Med_Pay_HOE" namespace="iso" alias="MPAY"/>
    <mapping typecode="DPLI_Personal_Liability_HOE" namespace="iso" alias="LIAB"/>
    <mapping typecode="EANDO" namespace="iso" alias="EROM"/>
    <mapping typecode="FARM" namespace="iso" alias="LIAB"/>
    <mapping typecode="GLAddCondoCov" namespace="iso" alias="LIAB"/>
    <mapping typecode="GLAddInjuryLeasedWorkers" namespace="iso" alias="LIAB"/>
    <mapping typecode="GLCGLCov" namespace="iso" alias="LIAB"/>
    <mapping typecode="GLContractualLiabRR" namespace="iso" alias="LIAB"/>
    <mapping typecode="GLDeductible" namespace="iso" alias="LIAB"/>
    <mapping typecode="GLElectronicDataLiability" namespace="iso" alias="LIAB"/>
    <mapping typecode="GLEmpBenefitsLiabilityCov" namespace="iso" alias="LIAB"/>
    <mapping typecode="GLGovSubdivisions" namespace="iso" alias="LIAB"/>
    <mapping typecode="GLLawnCare" namespace="iso" alias="LIAB"/>
    <mapping typecode="GLLimitedPAandInjuryCov" namespace="iso" alias="PINJ"/>
    <mapping typecode="GLLiquorEndorsement" namespace="iso" alias="LIAB"/>
    <mapping typecode="GLLtdFungiBacteriaCov" namespace="iso" alias="LIAB"/>
    <mapping typecode="GLPollutionDesignatedCov" namespace="iso" alias="POLL"/>
    <mapping typecode="GLPollutionShortTermCov" namespace="iso" alias="POLL"/>
    <mapping typecode="GLUndergroundResourceCov" namespace="iso" alias="LIAB"/>
    <mapping typecode="HODW_Dwelling_Cov_HOE" namespace="iso" alias="PROD"/>
    <mapping typecode="HODW_Earthquake_HOE" namespace="iso" alias="PROD"/>
    <mapping typecode="HODW_FungiCov_HOE" namespace="iso" alias="PROD"/>
    <mapping typecode="HODW_FungiCovFlorida_HOE" namespace="iso" alias="PROD"/>
    <mapping typecode="HODW_InflationGaurd_HOE" namespace="iso" alias="PROD"/>
    <mapping typecode="HODW_Loss_Of_Use_HOE" namespace="iso" alias="LUSE"/>
    <mapping typecode="HODW_OrdinanceCov_HOE" namespace="iso" alias="PROD"/>
    <mapping typecode="HODW_Other_Structures_HOE" namespace="iso" alias="PROD"/>
    <mapping typecode="HODW_OtherStructuresOffPremise_HOE" namespace="iso" alias="PROD"/>
    <mapping typecode="HODW_OtherStructuresOnPremise_HOE" namespace="iso" alias="PROD"/>
    <mapping typecode="HODW_Personal_Property_HOE" namespace="iso" alias="PROD"/>
    <mapping typecode="HODW_PersonalPropertyOffResidence_HOE" namespace="iso" alias="PROD"/>
    <mapping typecode="HODW_ScheduledProperty_HOE" namespace="iso" alias="PROD"/>
    <mapping typecode="HODW_SectionI_Ded_HOE" namespace="iso" alias="PROD"/>
    <mapping typecode="HODW_SpecialLimitsCovC_HOE" namespace="iso" alias="PROD"/>
    <mapping typecode="HODW_SpecificStructuresOffPremise_HOE" namespace="iso" alias="PROD"/>
    <mapping typecode="HOLI_FungiCov_HOE" namespace="iso" alias="LIAB"/>
    <mapping typecode="HOLI_LimitedComputer_HOE" namespace="iso" alias="LIAB"/>
    <mapping typecode="HOLI_Med_Pay_HOE" namespace="iso" alias="MPAY"/>
    <mapping typecode="HOLI_OtherInsuredResidence_HOE" namespace="iso" alias="LIAB"/>
    <mapping typecode="HOLI_Personal_Liability_HOE" namespace="iso" alias="LIAB"/>
    <mapping typecode="HOLI_PersonalInjury_HOE" namespace="iso" alias="LIAB"/>
    <mapping typecode="IMAccountReceivableCov" namespace="iso" alias="PROD"/>
    <mapping typecode="IMSignCov" namespace="iso" alias="PROD"/>
    <mapping typecode="MALP" namespace="iso" alias="OTLB"/>
    <mapping typecode="PACollisionCov" namespace="iso" alias="COLL"/>
    <mapping typecode="PACollision_MA_MI_Limited" namespace="iso" alias="COLL"/>
    <mapping typecode="PAComprehensiveCov" namespace="iso" alias="COMP"/>
    <mapping typecode="PADeathDisabilityCov" namespace="iso" alias="NFLT"/>
    <mapping typecode="PAExcessElectronicsCov" namespace="iso" alias="COMP"/>
    <mapping typecode="PALiabilityCov" namespace="iso" alias="PRPD"/>
    <mapping typecode="PALimitedMexicoCov" namespace="iso" alias="BODI"/>
    <mapping typecode="PALossOfUseCov" namespace="iso" alias="PRPD"/>
    <mapping typecode="PAMedPayCov" namespace="iso" alias="MPAY"/>
    <mapping typecode="PAPIP_AR" namespace="iso" alias="NFLT"/>
    <mapping typecode="PAPIP_DC" namespace="iso" alias="NFLT"/>
    <mapping typecode="PAPIP_DE" namespace="iso" alias="NFLT"/>
    <mapping typecode="PAPIP_FL" namespace="iso" alias="NFLT"/>
    <mapping typecode="PAPIP_HI" namespace="iso" alias="NFLT"/>
    <mapping typecode="PAPIP_KS" namespace="iso" alias="NFLT"/>
    <mapping typecode="PAPIP_KY" namespace="iso" alias="NFLT"/>
    <mapping typecode="PAPIP_MA" namespace="iso" alias="NFLT"/>
    <mapping typecode="PAPIP_MD" namespace="iso" alias="NFLT"/>
    <mapping typecode="PAPIP_MI" namespace="iso" alias="NFLT"/>
    <mapping typecode="PAPIP_MN" namespace="iso" alias="NFLT"/>
    <mapping typecode="PAPIP_ND" namespace="iso" alias="NFLT"/>
    <mapping typecode="PAPIP_NJ" namespace="iso" alias="NFLT"/>
    <mapping typecode="PAPIP_NY" namespace="iso" alias="NFLT"/>
    <mapping typecode="PAPIP_OR" namespace="iso" alias="NFLT"/>
    <mapping typecode="PAPIP_PA" namespace="iso" alias="NFLT"/>
    <mapping typecode="PAPIP_TX" namespace="iso" alias="NFLT"/>
    <mapping typecode="PAPIP_UT" namespace="iso" alias="NFLT"/>
    <mapping typecode="PAPIP_WA" namespace="iso" alias="NFLT"/>
    <mapping typecode="PAPropProtectionCov" namespace="iso" alias="PRPD"/>
    <mapping typecode="PARentalCov" namespace="iso" alias="RENT"/>
    <mapping typecode="PATapeDiscMediaCov" namespace="iso" alias="COMP"/>
    <mapping typecode="PATowingLaborCov" namespace="iso" alias="TOWL"/>
    <mapping typecode="PAUIMBICov" namespace="iso" alias="UNDR"/>
    <mapping typecode="PAUIMPDCov" namespace="iso" alias="UNDR"/>
    <mapping typecode="PAUMBICov" namespace="iso" alias="UNIN"/>
    <mapping typecode="PAUMPDCov" namespace="iso" alias="UNIN"/>
    <mapping typecode="PollutionBroadLimited" namespace="iso" alias="POLL"/>
    <mapping typecode="ProductWithdrawalLtd" namespace="iso" alias="PROD"/>
    <mapping typecode="PUP_Primary_LiabilityCov_PUE" namespace="iso" alias="LIAB"/>
    <mapping typecode="PUP_WorldWideCov_PUE" namespace="iso" alias="LIAB"/>
    <mapping typecode="WCEmpLiabCov" namespace="iso" alias="WCLL"/>
    <mapping typecode="WCFedEmpLiabCov" namespace="iso" alias="WCLL"/>
    <mapping typecode="WCOtherStatesInsurance" namespace="iso" alias="WCML"/>
    <mapping typecode="WCWorkCompDeductCov" namespace="iso" alias="WCML"/>
    <mapping typecode="WCWorkersCompCov" namespace="iso" alias="WCML"/>
    <mapping typecode="XCUSpecified" namespace="iso" alias="LIAB"/>
    <mapping typecode="Y2KLimitedCov" namespace="iso" alias="LIAB"/>
  </typelist>

  <typelist name="CoverageSubtype">
    <mapping typecode="AccountsRecOffPremisesProperty" namespace="iso" alias="OTPR"/>
    <mapping typecode="BAAudVisDataEqip2Cov" namespace="iso" alias="COMP"/>
    <mapping typecode="BACollisionCov" namespace="iso" alias="COLL"/>
    <mapping typecode="BACollisionLimited_MAMI" namespace="iso" alias="COLL"/>
    <mapping typecode="BAComprehensiveCov" namespace="iso" alias="COMP"/>
    <mapping typecode="CADeathDisabilityCov" namespace="iso" alias="BODI"/>
    <mapping typecode="BADOCCollisionCov" namespace="iso" alias="COLL"/>
    <mapping typecode="BADOCCompCov" namespace="iso" alias="COMP"/>
    <mapping typecode="BADOCLiabilityCovBI" namespace="iso" alias="BODI"/>
    <mapping typecode="BADOCLiabilityCovPD" namespace="iso" alias="PRPD"/>
    <mapping typecode="BADOCLiabilityCovVEH" namespace="iso" alias="OTAU"/>
    <mapping typecode="BADOCMedPayCov" namespace="iso" alias="MPAY"/>
    <mapping typecode="BADOCUnderinsCov" namespace="iso" alias="BODI"/>
    <mapping typecode="BADOCUninsuredBI" namespace="iso" alias="BODI"/>
    <mapping typecode="BADOCUninsuredPD" namespace="iso" alias="PRPD"/>
    <mapping typecode="BADOCUninsuredVEH" namespace="iso" alias="OTAU"/>
    <mapping typecode="BAFellowEmployeesCov" namespace="iso" alias="BODI"/>
    <mapping typecode="BAHiredCollisionCov" namespace="iso" alias="COLL"/>
    <mapping typecode="BAHiredCompCov" namespace="iso" alias="COMP"/>
    <mapping typecode="BAHiredLiabilityCovBI" namespace="iso" alias="BODI"/>
    <mapping typecode="BAHiredLiabilityCovPD" namespace="iso" alias="PRPD"/>
    <mapping typecode="BAHiredLiabilityCovVEH" namespace="iso" alias="OTAU"/>
    <mapping typecode="BAHiredSpecPerilCov" namespace="iso" alias="COMP"/>
    <mapping typecode="BAHiredUIMBI" namespace="iso" alias="BODI"/>
    <mapping typecode="BAHiredUIMPD" namespace="iso" alias="PRPD"/>
    <mapping typecode="BAHiredUIMVEH" namespace="iso" alias="OTAU"/>
    <mapping typecode="BAHiredUMCovBI" namespace="iso" alias="BODI"/>
    <mapping typecode="BAHiredUMCovPD" namespace="iso" alias="PRPD"/>
    <mapping typecode="BAHiredUMCovVEH" namespace="iso" alias="OTAU"/>
    <mapping typecode="BALimitedPropDamCov" namespace="iso" alias="PRPD"/>
    <mapping typecode="BALoanLeaseGapCov" namespace="iso" alias="COMP"/>
    <mapping typecode="BALossOfUseCov" namespace="iso" alias="PRPD"/>
    <mapping typecode="BANonOwndSSExtendedBI" namespace="iso" alias="BODI"/>
    <mapping typecode="BANonOwndSSExtendedPD" namespace="iso" alias="PRPD"/>
    <mapping typecode="BANonownedLiabCov_bi" namespace="iso" alias="BODI"/>
    <mapping typecode="BANonownedLiabCov_pd" namespace="iso" alias="PRPD"/>
    <mapping typecode="BANonownedLiabCov_vd" namespace="iso" alias="OTAU"/>
    <mapping typecode="BANonOwnSSExtendCovVEH" namespace="iso" alias="OTAU"/>
    <mapping typecode="BAOwnedLiabilityCov_bi" namespace="iso" alias="BODI"/>
    <mapping typecode="BAOwnedLiabilityCov_pd" namespace="iso" alias="PRPD"/>
    <mapping typecode="BAOwnedLiabilityCov_vd" namespace="iso" alias="OTAU"/>
    <mapping typecode="BAOwnedMedPayCov" namespace="iso" alias="MPAY"/>
    <mapping typecode="BAOwnedUIMBICov" namespace="iso" alias="BODI"/>
    <mapping typecode="BAOwnedUIMPDCov" namespace="iso" alias="PRPD"/>
    <mapping typecode="BAOwnedUMBICov" namespace="iso" alias="BODI"/>
    <mapping typecode="BAOwnedUMBISuppCov" namespace="iso" alias="BODI"/>
    <mapping typecode="BAOwnedUMPDCovPD" namespace="iso" alias="PRPD"/>
    <mapping typecode="BAOwnedUMPDCovVEH" namespace="iso" alias="OTAU"/>
    <mapping typecode="BABobtailLiabCov_bi" namespace="iso" alias="BODI"/>
    <mapping typecode="BABobtailLiabCov_pd" namespace="iso" alias="PRPD"/>
    <mapping typecode="BABobtailLiabCov_vd" namespace="iso" alias="OTAU"/>
    <mapping typecode="BADealerLimitLiabCov_bi" namespace="iso" alias="BODI"/>
    <mapping typecode="BADealerLimitLiabCov_pd" namespace="iso" alias="PRPD"/>
    <mapping typecode="BADealerLimitLiabCov_vd" namespace="iso" alias="OTAU"/>
    <mapping typecode="BASeasonTrailerLiabCov_bi" namespace="iso" alias="BODI"/>
    <mapping typecode="BASeasonTrailerLiabCov_pd" namespace="iso" alias="PRPD"/>
    <mapping typecode="BASeasonTrailerLiabCov_vd" namespace="iso" alias="OTAU"/>
    <mapping typecode="CAPIP_DE" namespace="iso" alias="NFLT"/>
    <mapping typecode="CAPIP_FL" namespace="iso" alias="NFLT"/>
    <mapping typecode="CAPIP_HI" namespace="iso" alias="NFLT"/>
    <mapping typecode="CAPIP_KS" namespace="iso" alias="NFLT"/>
    <mapping typecode="CAPIP_KY" namespace="iso" alias="NFLT"/>
    <mapping typecode="CAPIP_MA" namespace="iso" alias="NFLT"/>
    <mapping typecode="CAPIP_MD" namespace="iso" alias="NFLT"/>
    <mapping typecode="CAPIP_MI" namespace="iso" alias="NFLT"/>
    <mapping typecode="CAPIP_MN" namespace="iso" alias="NFLT"/>
    <mapping typecode="CAPIP_ND" namespace="iso" alias="NFLT"/>
    <mapping typecode="CAPIP_NJ" namespace="iso" alias="NFLT"/>
    <mapping typecode="CAPIP_NY" namespace="iso" alias="NFLT"/>
    <mapping typecode="CAPIP_OR" namespace="iso" alias="NFLT"/>
    <mapping typecode="CAPIP_PA" namespace="iso" alias="NFLT"/>
    <mapping typecode="CAPIP_TX" namespace="iso" alias="NFLT"/>
    <mapping typecode="CAPIP_UT" namespace="iso" alias="NFLT"/>
    <mapping typecode="CAPIP_WA" namespace="iso" alias="NFLT"/>
    <mapping typecode="CA_PIP_AR" namespace="iso" alias="NFLT"/>
    <mapping typecode="CA_PIP_DC" namespace="iso" alias="NFLT"/>
    <mapping typecode="BAPollutLiabBasicBI" namespace="iso" alias="RENT"/>
    <mapping typecode="BAPollutLiabBasicGEN" namespace="iso" alias="PRPD"/>
    <mapping typecode="BAPollutLiabBasicPD" namespace="iso" alias="PRPD"/>
    <mapping typecode="BAPollutLiabBoardBI" namespace="iso" alias="RENT"/>
    <mapping typecode="BAPollutLiabBoardGEN" namespace="iso" alias="PRPD"/>
    <mapping typecode="BAPollutLiabBoardPD" namespace="iso" alias="PRPD"/>
    <mapping typecode="BAPropProtectionCov" namespace="iso" alias="PRPD"/>
    <mapping typecode="BARentalCov" namespace="iso" alias="RENT"/>
    <mapping typecode="BASpecCausesLossCov" namespace="iso" alias="COMP"/>
    <mapping typecode="BATapeDiscRecordCov" namespace="iso" alias="COMP"/>
    <mapping typecode="BATowingLaborCov" namespace="iso" alias="TOWL"/>
    <mapping typecode="BOPAdditionalCov" namespace="iso" alias="OTPR"/>
    <mapping typecode="BOPAggLimitProjCov" namespace="iso" alias="OTCA"/>
    <mapping typecode="BOPAlaskaAFGLCov" namespace="iso" alias="OTCA"/>
    <mapping typecode="BOPBarberCovBI" namespace="iso" alias="OTCA"/>
    <mapping typecode="BOPBarberCovGEN" namespace="iso" alias="OTCA"/>
    <mapping typecode="BOPBuildingCov" namespace="iso" alias="OTPR"/>
    <mapping typecode="BOPBurgRobCov" namespace="iso" alias="OTPR"/>
    <mapping typecode="BOPBusIncDepPrpCov" namespace="iso" alias="OTPR"/>
    <mapping typecode="BOPBusIncExtCov" namespace="iso" alias="OTPR"/>
    <mapping typecode="BOPBusIncPayrollCov" namespace="iso" alias="OTPR"/>
    <mapping typecode="BOPCAEqBldgRecCov" namespace="iso" alias="ERTH"/>
    <mapping typecode="BOPCAEqBldgSubCov" namespace="iso" alias="ERTH"/>
    <mapping typecode="BOPCertTerrorCap" namespace="iso" alias="OTCA"/>
    <mapping typecode="BOPComputerFraudCov" namespace="iso" alias="OTPR"/>
    <mapping typecode="BOPCondoAssnCov" namespace="iso" alias="OTPR"/>
    <mapping typecode="BOPCondoUnitOwnCov" namespace="iso" alias="OTPR"/>
    <mapping typecode="BOPDesigPremProj" namespace="iso" alias="OTCA"/>
    <mapping typecode="BOPElectricalSchedCov" namespace="iso" alias="OTPR"/>
    <mapping typecode="BOPEmpBenefits" namespace="iso" alias="OTCA"/>
    <mapping typecode="BOPEmpBenExtRpting" namespace="iso" alias="OTCA"/>
    <mapping typecode="BOPEmpDisCov" namespace="iso" alias="FDTY"/>
    <mapping typecode="BOPEqBldgCov" namespace="iso" alias="ERTH"/>
    <mapping typecode="BOPEQSpLeakBPP" namespace="iso" alias="ERTH"/>
    <mapping typecode="BOPEQSpLeakBuilding" namespace="iso" alias="ERTH"/>
    <mapping typecode="BOPFDService" namespace="iso" alias="OTPR"/>
    <mapping typecode="BOPFoodContamCovGEN" namespace="iso" alias="OTPR"/>
    <mapping typecode="BOPFoodContamCovINCOME" namespace="iso" alias="OTPR"/>
    <mapping typecode="BOPForgeAltCov" namespace="iso" alias="OTPR"/>
    <mapping typecode="BOPFuncPerPropCov" namespace="iso" alias="OTPR"/>
    <mapping typecode="BOPFuneralDirCov" namespace="iso" alias="OTCA"/>
    <mapping typecode="BOPFungiPropCov" namespace="iso" alias="OTPR"/>
    <mapping typecode="BOPGuestPropCov" namespace="iso" alias="OTCA"/>
    <mapping typecode="BOPGuestSafeDepCov" namespace="iso" alias="OTCA"/>
    <mapping typecode="BOPHearingAidCov" namespace="iso" alias="OTCA"/>
    <mapping typecode="BOPHiredAutoBI" namespace="iso" alias="BODI"/>
    <mapping typecode="BOPHiredAutoGEN" namespace="iso" alias="OTCA"/>
    <mapping typecode="BOPHiredAutoVEH" namespace="iso" alias="OTCA"/>
    <mapping typecode="BOPLeasedWorkerInjBI" namespace="iso" alias="BODI"/>
    <mapping typecode="BOPLeasedWorkerInjCovGEN" namespace="iso" alias="OTCA"/>
    <mapping typecode="BOPLiabilityBI" namespace="iso" alias="BODI"/>
    <mapping typecode="BOPLiabilityGEN" namespace="iso" alias="OTCA"/>
    <mapping typecode="BOPLiabilityPD" namespace="iso" alias="LIAB"/>
    <mapping typecode="BOPLiquorCovBI" namespace="iso" alias="BODI"/>
    <mapping typecode="BOPLiquorCovGEN" namespace="iso" alias="OTCA"/>
    <mapping typecode="BOPLiquorEventsBI" namespace="iso" alias="BODI"/>
    <mapping typecode="BOPLiquorEventsGEN" namespace="iso" alias="OTCA"/>
    <mapping typecode="BOPLiquorRemoveExc" namespace="iso" alias="OTCA"/>
    <mapping typecode="BOPLocWindHailCov" namespace="iso" alias="OTPR"/>
    <mapping typecode="BOPMALeadPoisonCov" namespace="iso" alias="BODI"/>
    <mapping typecode="BOPMATenantReloCov" namespace="iso" alias="OTCA"/>
    <mapping typecode="BOPMechBreakdownCov" namespace="iso" alias="OTPR"/>
    <mapping typecode="BOPMedExpCov" namespace="iso" alias="MPAY"/>
    <mapping typecode="BOPMineSubCov" namespace="iso" alias="SNKL"/>
    <mapping typecode="BOPMoneySecCov" namespace="iso" alias="OTPR"/>
    <mapping typecode="BOPMotelCov" namespace="iso" alias="OTPR"/>
    <mapping typecode="BOPNewAcquiredOrgCov" namespace="iso" alias="OTCA"/>
    <mapping typecode="BOPNonOwnedAutoCovBI" namespace="iso" alias="OTCA"/>
    <mapping typecode="BOPNonOwnedAutoCovGEN" namespace="iso" alias="OTCA"/>
    <mapping typecode="BOPNonOwnedAutoVEH" namespace="iso" alias="OTCA"/>
    <mapping typecode="BOPOrdinanceCov" namespace="iso" alias="OTPR"/>
    <mapping typecode="BOPOutdoorProp" namespace="iso" alias="OTPR"/>
    <mapping typecode="BOPOutSignCov" namespace="iso" alias="OTPR"/>
    <mapping typecode="BOPOverflowCovCON" namespace="iso" alias="OTPR"/>
    <mapping typecode="BOPOverflowCovPD" namespace="iso" alias="OTPR"/>
    <mapping typecode="BOPPersAdvertInj" namespace="iso" alias="OTCA"/>
    <mapping typecode="BOPPersonalEffects" namespace="iso" alias="OTPR"/>
    <mapping typecode="BOPPersonalPropCov" namespace="iso" alias="OTPR"/>
    <mapping typecode="BOPPersPropOffPrem" namespace="iso" alias="OTPR"/>
    <mapping typecode="BOPPesticideApplicaorCovBI" namespace="iso" alias="OTCA"/>
    <mapping typecode="BOPPesticideApplicatorCovGEN" namespace="iso" alias="OTCA"/>
    <mapping typecode="BOPPharmacistCov" namespace="iso" alias="OTCA"/>
    <mapping typecode="BOPPollutionCov" namespace="iso" alias="OTCA"/>
    <mapping typecode="BOPPrinterCov" namespace="iso" alias="OTCA"/>
    <mapping typecode="BOPPropertyCov" namespace="iso" alias="OTPR"/>
    <mapping typecode="BOPReceivablesCov" namespace="iso" alias="OTPR"/>
    <mapping typecode="BOPSelfStorCov" namespace="iso" alias="OTPR"/>
    <mapping typecode="BOPSpoilageCov" namespace="iso" alias="OTPR"/>
    <mapping typecode="BOPTenantFireCov" namespace="iso" alias="LIAB"/>
    <mapping typecode="BOPTenantsLiabilityCovGEN" namespace="iso" alias="LIAB"/>
    <mapping typecode="BOPTenantsLiabilityCovPD" namespace="iso" alias="LIAB"/>
    <mapping typecode="BOPToolsInstallUnschedCov" namespace="iso" alias="OTPR"/>
    <mapping typecode="BOPToolsSchedCov" namespace="iso" alias="OTPR"/>
    <mapping typecode="BOPUtilDirectCovCON" namespace="iso" alias="OTPR"/>
    <mapping typecode="BOPUtilDirectCovPD" namespace="iso" alias="OTPR"/>
    <mapping typecode="BOPUtilTimeCov" namespace="iso" alias="OTPR"/>
    <mapping typecode="BOPVacancyChangeCov" namespace="iso" alias="OTPR"/>
    <mapping typecode="BOPVacancyCov" namespace="iso" alias="OTPR"/>
    <mapping typecode="BOPValuablePapersCov" namespace="iso" alias="OTPR"/>
    <mapping typecode="BOPVetCov" namespace="iso" alias="OTCA"/>
    <mapping typecode="BOPY2KIncomeExpenseCov" namespace="iso" alias="OTPR"/>
    <mapping typecode="BOPY2KLimitedCov" namespace="iso" alias="OTCA"/>
    <mapping typecode="BOPY2KPremOnlyCov" namespace="iso" alias="OTCA"/>
    <mapping typecode="BusIncChangeCov" namespace="iso" alias="OTPR"/>
    <mapping typecode="ContractLiabRRGEN" namespace="iso" alias="OTCA"/>
    <mapping typecode="ContractorsEquipAdditionallyAcquiredProperty" namespace="iso" alias="OTPR"/>
    <mapping typecode="ContractorsEquipDebrisRemoval" namespace="iso" alias="OTPR"/>
    <mapping typecode="ContractorsEquipEmployeesTools" namespace="iso" alias="OTPR"/>
    <mapping typecode="ContractorsEquipMiscUnscheduledCov" namespace="iso" alias="OTPR"/>
    <mapping typecode="ContractorsEquipPollutionCleanup" namespace="iso" alias="OTPR"/>
    <mapping typecode="ContractorsEquipPreservationOfProperty" namespace="iso" alias="OTPR"/>
    <mapping typecode="ContractorsEquipRentalReibursement" namespace="iso" alias="OTPR"/>
    <mapping typecode="ContractorsEquipRentedEquipment" namespace="iso" alias="OTPR"/>
    <mapping typecode="ContractorsEquipSchedCov" namespace="iso" alias="OTPR"/>
    <mapping typecode="CPBldgBusIncomeCov" namespace="iso" alias="OTPR"/>
    <mapping typecode="CPBldgCov" namespace="iso" alias="OTPR"/>
    <mapping typecode="CPBldgExtraExpenseCov" namespace="iso" alias="OTPR"/>
    <mapping typecode="CPBldgStockCov" namespace="iso" alias="OTPR"/>
    <mapping typecode="CPBlanketCov" namespace="iso" alias="OTPR"/>
    <mapping typecode="CPBPPCov" namespace="iso" alias="OTPR"/>
    <mapping typecode="dando_gd" namespace="iso" alias="OTCA"/>
    <mapping typecode="DPDWDwellingDWLG" namespace="iso" alias="OTPR"/>
    <mapping typecode="DPDWLossOfUse" namespace="iso" alias="OTPR"/>
    <mapping typecode="DPDWOrdinanceLaw" namespace="iso" alias="OTPR"/>
    <mapping typecode="DPDWOtherStructures" namespace="iso" alias="OTPR"/>
    <mapping typecode="DPDWPersonalProperty" namespace="iso" alias="OTPR"/>
    <mapping typecode="DPDWTheft_Contents" namespace="iso" alias="THFT"/>
    <mapping typecode="DPLIMedPay" namespace="iso" alias="MPAY"/>
    <mapping typecode="DPLIPersonalLiabilityBI" namespace="iso" alias="BODI"/>
    <mapping typecode="DPLIPersonalLiabilityGEN" namespace="iso" alias="OTCA"/>
    <mapping typecode="DPLIPersonalLiabilityPD" namespace="iso" alias="OTCA"/>
    <mapping typecode="eando_gd" namespace="iso" alias="OTCA"/>
    <mapping typecode="farm_bid" namespace="iso" alias="BODI"/>
    <mapping typecode="farm_pd" namespace="iso" alias="LIAB"/>
    <mapping typecode="gl_gd2" namespace="iso" alias="BODI"/>
    <mapping typecode="GLAddCondoCovBI" namespace="iso" alias="BODI"/>
    <mapping typecode="GLAddCondoCovGEN" namespace="iso" alias="OTCA"/>
    <mapping typecode="GLAddCondoCovPD" namespace="iso" alias="LIAB"/>
    <mapping typecode="GLAddInjuryLeasedWorkers" namespace="iso" alias="BODI"/>
    <mapping typecode="GLCGLCov_adv_gd" namespace="iso" alias="OTCA"/>
    <mapping typecode="GLCGLCov_ops_bi" namespace="iso" alias="BODI"/>
    <mapping typecode="GLCGLCov_ops_gd" namespace="iso" alias="OTCA"/>
    <mapping typecode="GLCGLCov_ops_mp" namespace="iso" alias="MPAY"/>
    <mapping typecode="GLCGLCov_ops_pd" namespace="iso" alias="LIAB"/>
    <mapping typecode="GLCGLCov_prod_bi" namespace="iso" alias="BODI"/>
    <mapping typecode="GLCGLCov_prod_gd" namespace="iso" alias="OTCA"/>
    <mapping typecode="GLCGLCov_prod_mp" namespace="iso" alias="MPAY"/>
    <mapping typecode="GLCGLCov_prod_pd" namespace="iso" alias="LIAB"/>
    <mapping typecode="GLContracdtLiabRRPD" namespace="iso" alias="LIAB"/>
    <mapping typecode="GLContractLiabRRBI" namespace="iso" alias="BODI"/>
    <mapping typecode="GLDeductible-BI" namespace="iso" alias="OTCA"/>
    <mapping typecode="GLDeductible-GEN" namespace="iso" alias="OTCA"/>
    <mapping typecode="GLDeductible-PD" namespace="iso" alias="OTCA"/>
    <mapping typecode="GLElectronicDataLiability" namespace="iso" alias="OTCA"/>
    <mapping typecode="GLEmpBenefitsLiabilityCov" namespace="iso" alias="OTCA"/>
    <mapping typecode="GLGovSubdivisionsBI" namespace="iso" alias="BODI"/>
    <mapping typecode="GLGovSubdivisionsGEN" namespace="iso" alias="OTCA"/>
    <mapping typecode="GLGovSubdivisionsPD" namespace="iso" alias="LIAB"/>
    <mapping typecode="GLLawnCareBI" namespace="iso" alias="BODI"/>
    <mapping typecode="GLLawnCareGEN" namespace="iso" alias="OTCA"/>
    <mapping typecode="GLLawnCarePD" namespace="iso" alias="LIAB"/>
    <mapping typecode="GLLimitedPAandInjuryCov" namespace="iso" alias="OTPI"/>
    <mapping typecode="GLLiquorLiabilityCovBI" namespace="iso" alias="BODI"/>
    <mapping typecode="GLLiquorLiabilityCovGEN" namespace="iso" alias="OTCA"/>
    <mapping typecode="GLLiquorLiabilityCovPD" namespace="iso" alias="LIAB"/>
    <mapping typecode="GLLtdFungiCovBI" namespace="iso" alias="BODI"/>
    <mapping typecode="GLLtdFungiCovGEN" namespace="iso" alias="OTCA"/>
    <mapping typecode="GLLtdFungiCovPD" namespace="iso" alias="LIAB"/>
    <mapping typecode="GLPollutionBI" namespace="iso" alias="BODI"/>
    <mapping typecode="GLPollutionDesignatedCovBI" namespace="iso" alias="BODI"/>
    <mapping typecode="GLPollutionDesignatedCovGEN" namespace="iso" alias="OTCA"/>
    <mapping typecode="GLPollutionDesignatedCovPD" namespace="iso" alias="LIAB"/>
    <mapping typecode="GLPollutionGEN" namespace="iso" alias="OTCA"/>
    <mapping typecode="GLPollutionPD" namespace="iso" alias="LIAB"/>
    <mapping typecode="GLPollutionShortTermCovBI" namespace="iso" alias="BODI"/>
    <mapping typecode="GLPollutionShortTermCovGEN" namespace="iso" alias="OTCA"/>
    <mapping typecode="GLPollutionShortTermCovPD" namespace="iso" alias="LIAB"/>
    <mapping typecode="GLUGResourcesCovBI" namespace="iso" alias="BODI"/>
    <mapping typecode="GLUGResourcesCovGEN" namespace="iso" alias="OTCA"/>
    <mapping typecode="GLUGResourcesCovPD" namespace="iso" alias="LIAB"/>
    <mapping typecode="HODWDwelling" namespace="iso" alias="OTPR"/>
    <mapping typecode="HODWEarthQuake_OS" namespace="iso" alias="OTPR"/>
    <mapping typecode="HODWEarthQuake_PD" namespace="iso" alias="OTPR"/>
    <mapping typecode="HODWEarthQuake_PPD" namespace="iso" alias="OTPR"/>
    <mapping typecode="HODWFungi" namespace="iso" alias="OTPR"/>
    <mapping typecode="HODWInflation" namespace="iso" alias="OTPR"/>
    <mapping typecode="HODWLossOfUse" namespace="iso" alias="OTPR"/>
    <mapping typecode="HODWOrdinanceLaw" namespace="iso" alias="OTPR"/>
    <mapping typecode="HODWOtherStructureOffPremises" namespace="iso" alias="OTPR"/>
    <mapping typecode="HODWOtherStructureOnPremises" namespace="iso" alias="OTPR"/>
    <mapping typecode="HODWOtherStructures" namespace="iso" alias="OTPR"/>
    <mapping typecode="HODWPersonalProp" namespace="iso" alias="OTPR"/>
    <mapping typecode="HODWPersPropAtOthResidences" namespace="iso" alias="OTPR"/>
    <mapping typecode="HODWSchedPersProperty" namespace="iso" alias="OTPR"/>
    <mapping typecode="HODWSecIDeduct" namespace="iso" alias="OTPR"/>
    <mapping typecode="HODWSpecLimitsCovC" namespace="iso" alias="OTPR"/>
    <mapping typecode="HODWSpecStrucOffPremises" namespace="iso" alias="OTPR"/>
    <mapping typecode="HOFungi" namespace="iso" alias="OTPR"/>
    <mapping typecode="HOLIFungi" namespace="iso" alias="LIAB"/>
    <mapping typecode="HOLILtdComputerLiability" namespace="iso" alias="LIAB"/>
    <mapping typecode="HOLIMed" namespace="iso" alias="MPAY"/>
    <mapping typecode="HOLIOtherInsuredRes" namespace="iso" alias="LIAB"/>
    <mapping typecode="HOLIPersonalInjury" namespace="iso" alias="LIAB"/>
    <mapping typecode="HOLIPersonalLiabBI" namespace="iso" alias="LIAB"/>
    <mapping typecode="HOLIPersonalLiabGEN" namespace="iso" alias="LIAB"/>
    <mapping typecode="HOLIPersonalLiabPD" namespace="iso" alias="LIAB"/>
    <mapping typecode="IMAccountReceivableCov" namespace="iso" alias="OTPR"/>
    <mapping typecode="IMSignCov" namespace="iso" alias="OTPR"/>
    <mapping typecode="malp_bid" namespace="iso" alias="BODI"/>
    <mapping typecode="PACollisionCov" namespace="iso" alias="COLL"/>
    <mapping typecode="PACollision_MA_MI_Limited" namespace="iso" alias="COLL"/>
    <mapping typecode="PAComprehensiveCov" namespace="iso" alias="COMP"/>
    <mapping typecode="PADeathDisabilityCov" namespace="iso" alias="NFLT"/>
    <mapping typecode="PAExcessElectronicsCov" namespace="iso" alias="COMP"/>
    <mapping typecode="PALiabilityCov_bi" namespace="iso" alias="BODI"/>
    <mapping typecode="PALiabilityCov_pd" namespace="iso" alias="PRPD"/>
    <mapping typecode="PALiabilityCov_vd" namespace="iso" alias="OTAU"/>
    <mapping typecode="PALossOfUseCov" namespace="iso" alias="PRPD"/>
    <mapping typecode="PAMedPayCov" namespace="iso" alias="MPAY"/>
    <mapping typecode="PAMexicoCovBI" namespace="iso" alias="BODI"/>
    <mapping typecode="PAMexicoCovGEN" namespace="iso" alias="PRPD"/>
    <mapping typecode="PAMexicoCovPD" namespace="iso" alias="PRPD"/>
    <mapping typecode="PAMexicoCovVEH" namespace="iso" alias="OTAU"/>
    <mapping typecode="PAPIP_AR" namespace="iso" alias="NFLT"/>
    <mapping typecode="PAPIP_DC" namespace="iso" alias="NFLT"/>
    <mapping typecode="PAPIP_DE" namespace="iso" alias="NFLT"/>
    <mapping typecode="PAPIP_FL" namespace="iso" alias="NFLT"/>
    <mapping typecode="PAPIP_HI" namespace="iso" alias="NFLT"/>
    <mapping typecode="PAPIP_KS" namespace="iso" alias="NFLT"/>
    <mapping typecode="PAPIP_KY" namespace="iso" alias="NFLT"/>
    <mapping typecode="PAPIP_MA" namespace="iso" alias="NFLT"/>
    <mapping typecode="PAPIP_MD" namespace="iso" alias="NFLT"/>
    <mapping typecode="PAPIP_MI" namespace="iso" alias="NFLT"/>
    <mapping typecode="PAPIP_MN" namespace="iso" alias="NFLT"/>
    <mapping typecode="PAPIP_ND" namespace="iso" alias="NFLT"/>
    <mapping typecode="PAPIP_NJ" namespace="iso" alias="NFLT"/>
    <mapping typecode="PAPIP_NY" namespace="iso" alias="NFLT"/>
    <mapping typecode="PAPIP_OR" namespace="iso" alias="NFLT"/>
    <mapping typecode="PAPIP_PA" namespace="iso" alias="NFLT"/>
    <mapping typecode="PAPIP_TX" namespace="iso" alias="NFLT"/>
    <mapping typecode="PAPIP_UT" namespace="iso" alias="NFLT"/>
    <mapping typecode="PAPIP_WA" namespace="iso" alias="NFLT"/>
    <mapping typecode="PAPropProtectionCov" namespace="iso" alias="PRPD"/>
    <mapping typecode="PARentalCov" namespace="iso" alias="RENT"/>
    <mapping typecode="PATapeDiscMediaCov" namespace="iso" alias="COMP"/>
    <mapping typecode="PATowingLaborCov" namespace="iso" alias="TOWL"/>
    <mapping typecode="PAUIMBICov" namespace="iso" alias="BODI"/>
    <mapping typecode="PAUIMPDCov" namespace="iso" alias="UNDR"/>
    <mapping typecode="PAUMBICov" namespace="iso" alias="BODI"/>
    <mapping typecode="PAUMPDCov" namespace="iso" alias="OTAU"/>
    <mapping typecode="ProductWithdrawalLtd" namespace="iso" alias="OTCA"/>
    <mapping typecode="PUPLiabilityBI" namespace="iso" alias="BODI"/>
    <mapping typecode="PUPLiabilityGEN" namespace="iso" alias="OTCA"/>
    <mapping typecode="PUPLiabilityPD" namespace="iso" alias="OTCA"/>
    <mapping typecode="PUPWorldWide" namespace="iso" alias="OTCA"/>
    <mapping typecode="WCEmpLiabCov" namespace="iso" alias="WCLL"/>
    <mapping typecode="WCFedEmpLiabCov" namespace="iso" alias="WCLL"/>
    <mapping typecode="WCOtherStatesMED" namespace="iso" alias="WCML"/>
    <mapping typecode="WCOtherStatesWAGES" namespace="iso" alias="WCIL"/>
    <mapping typecode="WCWorkCompDeductMED" namespace="iso" alias="WCML"/>
    <mapping typecode="WCWorkCompDeductNOTMED" namespace="iso" alias="WCIL"/>
    <mapping typecode="WCWorkersCompMED" namespace="iso" alias="WCML"/>
    <mapping typecode="WCWorkersCompWAGES" namespace="iso" alias="WCIL"/>
    <mapping typecode="XCUSpecifiedBI" namespace="iso" alias="BODI"/>
    <mapping typecode="XCUSpecifiedGEN" namespace="iso" alias="OTCA"/>
    <mapping typecode="XCUSpecifiedPD" namespace="iso" alias="LIAB"/>
    <mapping typecode="Y2KLimitedCov" namespace="iso" alias="OTCA"/>
  </typelist>

  <typelist name="LossCause">
    <mapping typecode="earthquake" namespace="iso" alias="ERTH"/>
    <mapping typecode="explosion" namespace="iso" alias="EXPL"/>
    <mapping typecode="waterdamage" namespace="iso" alias="WATR"/>
    <mapping typecode="glassbreakage" namespace="iso" alias="OTPR"/>
    <mapping typecode="vandalism" namespace="iso" alias="VAMM"/>
    <mapping typecode="riotandcivil" namespace="iso" alias="RIOT"/>
    <mapping typecode="fire" namespace="iso" alias="FIRE"/>
    <mapping typecode="wind" namespace="iso" alias="WIND"/>
    <mapping typecode="hail" namespace="iso" alias="HAIL"/>
    <mapping typecode="mold" namespace="iso" alias="MOLD"/>
    <mapping typecode="structfailure" namespace="iso" alias="CLPS"/>
    <mapping typecode="snowice" namespace="iso" alias="FREZ"/>
    <mapping typecode="burglary" namespace="iso" alias="BURG"/>
  </typelist>

  <typelist name="AddressType">
    <mapping typecode="home" namespace="iso" alias="D"/>
    <mapping typecode="business" namespace="iso" alias="C"/>
    <mapping typecode="other" namespace="iso" alias="O"/>
  </typelist>

  <typelist name="CollisionPoint">
    <mapping typecode="front" namespace="iso" alias="12"/>
    <mapping typecode="leftfront" namespace="iso" alias="10"/>
    <mapping typecode="rightfront" namespace="iso" alias="02"/>
    <mapping typecode="leftside" namespace="iso" alias="09"/>
    <mapping typecode="rightside" namespace="iso" alias="03"/>
    <mapping typecode="rear" namespace="iso" alias="06"/>
    <mapping typecode="leftrear" namespace="iso" alias="08"/>
    <mapping typecode="rightrear" namespace="iso" alias="04"/>
    <mapping typecode="top" namespace="iso" alias="27"/>
  </typelist>

  <typelist name="VehicleStyle">
    <mapping typecode="motorcycle" namespace="iso" alias="MC"/>
    <mapping typecode="pick_up" namespace="iso" alias="PK"/>
    <mapping typecode="van" namespace="iso" alias="VN"/>
    <mapping typecode="trailer" namespace="iso" alias="TL"/>
    <mapping typecode="bus" namespace="iso" alias="BU"/>
    <mapping typecode="mobile_home" namespace="iso" alias="MH"/>
    <mapping typecode="dump_truck" namespace="iso" alias="DP"/>
    <mapping typecode="garbage_truck" namespace="iso" alias="GG"/>
    <mapping typecode="crane" namespace="iso" alias="CR"/>
    <mapping typecode="boat" namespace="iso" alias="BT"/>
    <mapping typecode="snowmobile" namespace="iso" alias="SM"/>
  </typelist>

  <typelist name="LocationOfTheft">
    <mapping typecode="residential" namespace="iso" alias="R"/>
    <mapping typecode="commercial" namespace="iso" alias="C"/>
    <mapping typecode="offPremises" namespace="iso" alias="O"/>
  </typelist>

  <typelist name="OccupancyType">
    <mapping typecode="vacant" namespace="iso" alias="V"/>
    <mapping typecode="underConst" namespace="iso" alias="U"/>
  </typelist>

  <typelist name="RecovCondType">
    <mapping typecode="not_recov" namespace="iso" alias="0"/>
    <mapping typecode="no_dam" namespace="iso" alias="2"/>
    <mapping typecode="str" namespace="iso" alias="3"/>
    <mapping typecode="wreck" namespace="iso" alias="4"/>
    <mapping typecode="burn" namespace="iso" alias="5"/>
    <mapping typecode="flood" namespace="iso" alias="6"/>
    <mapping typecode="vandal" namespace="iso" alias="7"/>
    <mapping typecode="str_wrk" namespace="iso" alias="8"/>
    <mapping typecode="str_brn" namespace="iso" alias="9"/>
    <mapping typecode="str_fl" namespace="iso" alias="A"/>
    <mapping typecode="str_vand" namespace="iso" alias="B"/>
    <mapping typecode="wrk_brn" namespace="iso" alias="C"/>
    <mapping typecode="wrk_vand" namespace="iso" alias="D"/>
    <mapping typecode="brn_vand" namespace="iso" alias="E"/>
    <mapping typecode="fld_vand" namespace="iso" alias="F"/>
  </typelist>

  <typelist name="DisabledDueToAccident">
    <mapping typecode="partdisabled" namespace="iso" alias="P"/>
    <mapping typecode="totaldisabled" namespace="iso" alias="T"/>
  </typelist>

</typecodemapping>
