<?xml version="1.0" encoding="UTF-8"?>
<!-- edited with XMLSPY v2004 rel. 3 U (http://www.xmlspy.com) by KISHORE NARRA (INSURANCE SERVICES OFFICE) -->
<ClaimsearchCodes>
	<AirbagStatusCds>
		<AirbagStatusCd code="D">DEPLOYED</AirbagStatusCd>
		<AirbagStatusCd code="I">INTACT</AirbagStatusCd>
		<AirbagStatusCd code="M">MISSING</AirbagStatusCd>
	</AirbagStatusCds>
	<AntiTheftDeviceCds>
		<AntiTheftDeviceCd code="01">ALARM</AntiTheftDeviceCd>
		<AntiTheftDeviceCd code="02">ACTIVE DISABLING DEVICE</AntiTheftDeviceCd>
		<AntiTheftDeviceCd code="03">PASSIVE DISABLING DEVICE</AntiTheftDeviceCd>
		<AntiTheftDeviceCd code="04">ELECTRONIC HOMING DEVICE</AntiTheftDeviceCd>
		<AntiTheftDeviceCd code="05">VIN ETCHING ON GLASS</AntiTheftDeviceCd>
		<AntiTheftDeviceCd code="06">COMBINATION – ALARM &amp; DISABLING DEVICE</AntiTheftDeviceCd>
		<AntiTheftDeviceCd code="07">COMBINATION – ALARM &amp; ELECTRONIC HOMING</AntiTheftDeviceCd>
		<AntiTheftDeviceCd code="08">COMBINATION – ALARM &amp; VIN ETCHING ON GLASS</AntiTheftDeviceCd>
		<AntiTheftDeviceCd code="09">COMBINATION – DISABLING DEVICE &amp; ELECTRONIC HOMING DEVICE</AntiTheftDeviceCd>
		<AntiTheftDeviceCd code="10">COMBINATION – DISABLING DEVICE &amp; VIN ETCHING ON GLASS</AntiTheftDeviceCd>
		<AntiTheftDeviceCd code="11">COMBINATION – ELECTRONIC HOMING DEVICE &amp; VIN ETCHING ON GLASS</AntiTheftDeviceCd>
	</AntiTheftDeviceCds>
	<AppraiserActivityTypeCds>
		<AppraiserActivityTypeCd code="E">ESTIMATE</AppraiserActivityTypeCd>
		<AppraiserActivityTypeCd code="A">APPRAISAL</AppraiserActivityTypeCd>
		<AppraiserActivityTypeCd code="V">VALUATION</AppraiserActivityTypeCd>
	</AppraiserActivityTypeCds>
	<BodyPartCds>
		<BodyPartCd code="10">MULTIPLE HEAD INJURY - ANY COMBINATION OF BELOW PARTS</BodyPartCd>
		<BodyPartCd code="11">SKULL</BodyPartCd>
		<BodyPartCd code="12">BRAIN</BodyPartCd>
		<BodyPartCd code="13">EAR(S) - INCLUDES: HEARING, INSIDE EARDRUM</BodyPartCd>
		<BodyPartCd code="14">EYE(S) - INCLUDES: OPTIC NERVES, VISION, EYE LIDS</BodyPartCd>
		<BodyPartCd code="15">NOSE - INCLUDES: NASAL PASSAGE, SINUS, SENSE OF SMELL</BodyPartCd>
		<BodyPartCd code="16">TEETH</BodyPartCd>
		<BodyPartCd code="17">MOUTH - INCLUDES: LIPS, TONGUE, THROAT, TASTE</BodyPartCd>
		<BodyPartCd code="18">SOFT TISSUE</BodyPartCd>
		<BodyPartCd code="19">FACIAL BONES - INCLUDES: JAW</BodyPartCd>
		<BodyPartCd code="20">MUTLIPTLE NECK INJURIES - ANY COMBINATION OF BELOW PARTS</BodyPartCd>
		<BodyPartCd code="21">VERTEBRAE - INCLUDES: SPINAL COLUMN BONE, "CERVICAL SEGMENT"</BodyPartCd>
		<BodyPartCd code="22">DISC - INCLUDES: SPINAL COLUMN CARTILAGE, "CERVICAL SEGMENT"</BodyPartCd>
		<BodyPartCd code="23">SPINAL CORD - INCLUDES: NERVE TISSUE, "CERVICAL SEGMENT"</BodyPartCd>
		<BodyPartCd code="24">LARYNX - INCLUDES: CARTILAGE AND VOCAL CORDS</BodyPartCd>
		<BodyPartCd code="25">SOFT TISSUE - OTHER THAN LARYNX OR TRACHEA</BodyPartCd>
		<BodyPartCd code="26">TRACHEA</BodyPartCd>
		<BodyPartCd code="30">MULTIPLE UPPER EXTREMITIES - ANY COMBINATION OF BELOW PARTS, EXCLUDING HANDS AND WRISTS COMBINED</BodyPartCd>
		<BodyPartCd code="31">UPPER ARM - HUMERUS AND CORRESPONDING MUSCLES, EXCLUDING CLAVICLE AND SCAPULA</BodyPartCd>
		<BodyPartCd code="32">ELBOW - RADIAL HEAD</BodyPartCd>
		<BodyPartCd code="33">LOWER ARM - FORE ARM - RADIUS, ULNA AND CORRESPONDING MUSCLES</BodyPartCd>
		<BodyPartCd code="34">WRIST - CARPALS AND CORRESPONDING MUSCLES</BodyPartCd>
		<BodyPartCd code="35">HAND - METACARPALS AND CORRESPONDING MUSCLES - EXCLUDING WRIST OR FINGERS</BodyPartCd>
		<BodyPartCd code="36">FINGER(S)  - OTHER THAN THUMB AND CORRESPONDING MUSCLES</BodyPartCd>
		<BodyPartCd code="37">THUMB</BodyPartCd>
		<BodyPartCd code="38">SHOULDER(S) - ARMPIT, ROTATOR CUFF, TRAPEZIUS, CLAVICLE, SCAPULA</BodyPartCd>
		<BodyPartCd code="39">WRIST(S) &amp; HAND(S)</BodyPartCd>
		<BodyPartCd code="40">MULTIPLE TRUNK - ANY COMBINATION OF BELOW PARTS</BodyPartCd>
		<BodyPartCd code="41">UPPER BACK AREA (THORACIC AREA) UPPER BACK MUSCLES, EXCLUDING: VERTEBRAE, DISC, SPINAL CORD</BodyPartCd>
		<BodyPartCd code="42">LOWER BACK AREA (LUMBAR AREA AND LUMBO SACRAL) LOWER BACK MUSCLES, EXCLUDING: SACRUM, COCCYX, PELVIS, VERTEBRAE, DISC, SPINAL CORD</BodyPartCd>
		<BodyPartCd code="43">DISC - SPINAL COLUMN CARTILAGE OTHER THAN CERVICAL SEGMENT</BodyPartCd>
		<BodyPartCd code="44">CHEST - INCLUDING RIBS, STERNUM, SOFT TISSUE</BodyPartCd>
		<BodyPartCd code="45">SACRUM AND COCCYX - FINAL NINE VERTEBRAE-FUSED</BodyPartCd>
		<BodyPartCd code="46">PELVIS</BodyPartCd>
		<BodyPartCd code="47">SPINAL CORD - NERVE TISSUE OTHER THAN CERVICAL SEGMENT</BodyPartCd>
		<BodyPartCd code="48">INTERNAL ORGANS - OTHER THAN HEART AND LUNGS</BodyPartCd>
		<BodyPartCd code="49">HEART</BodyPartCd>
		<BodyPartCd code="60">LUNGS</BodyPartCd>
		<BodyPartCd code="61">ABDOMEN INCLUDING GROIN - EXCLUDING INJURY TO INTERNAL ORGANS</BodyPartCd>
		<BodyPartCd code="62">BUTTOCKS - SOFT TISSUE</BodyPartCd>
		<BodyPartCd code="63">LUMBAR &amp; OR SACRAL VERTEBRAE (VERTEBRA NOC TRUNK) - BONE PORTION OF THE SPINAL COLUMN</BodyPartCd>
		<BodyPartCd code="50">MULTIPLE LOWER EXTREMITIES - ANY COMBINATION OF BELOW PARTS</BodyPartCd>
		<BodyPartCd code="51">HIP</BodyPartCd>
		<BodyPartCd code="52">UPPER LEG - FEMUR AND CORRESPONDING MUSCLES</BodyPartCd>
		<BodyPartCd code="53">KNEE - PATELLA</BodyPartCd>
		<BodyPartCd code="54">LOWER LEG - TIBIA, FIBULA, AND CORRESPONDING MUSCLES</BodyPartCd>
		<BodyPartCd code="55">ANKLE - TARSALS</BodyPartCd>
		<BodyPartCd code="56">FOOT - METATARSALS, HEEL, ACHILLES TENDON AND CORRESPONDING MUSCLES - EXCLUDING ANKLE OR TOES</BodyPartCd>
		<BodyPartCd code="57">TOES</BodyPartCd>
		<BodyPartCd code="58">GREAT TOE</BodyPartCd>
		<BodyPartCd code="64">ARTIFICIAL APPLIANCE - BRACES, ETC</BodyPartCd>
		<BodyPartCd code="65">INSUFFICIENT INFO TO PROPERLY IDENTIFY - UNCLASSIFIED - INSUFFICIENT INFORMATION TO IDENTIFY PART AFFECTED</BodyPartCd>
		<BodyPartCd code="66">NO PHYSICAL INJURY - MENTAL DISORDER</BodyPartCd>
		<BodyPartCd code="90">MULTIPLE BODY PARTS (INCLUDING BODY SYSTEMS &amp; BODY PARTS) APPLIES WHEN MORE THAN ONE MAJOR BODY PART HAS BEEN AFFECTED, SUCH AS AN ARMA AND A LEG AND MULTIPLE INTERNAL ORGANS</BodyPartCd>
		<BodyPartCd code="91">BODY SYSTEMS AND MULTIPLE BODY SYSTEMS - APPLIES TO THE FUNCTIONING OF AN ENTIRE BODY SYSTEM HAS BEEN AFFECTED WITHOUT SPECIFIC INJURY TO ANY OTHER PART, AS IN THE CASE OF POISONING, CORROSIVE ACTION, INFLAMMATION, AFFECTING INTERNAL ORGANS</BodyPartCd>
	</BodyPartCds>
	<BldgTypeCds>
		<BldgTypeCd code="D">DWELLING</BldgTypeCd>
		<BldgTypeCd code="M">MULTI-DWELLING</BldgTypeCd>
		<BldgTypeCd code="C">COMMERCIAL</BldgTypeCd>
		<BldgTypeCd code="I">INDUSTRIAL</BldgTypeCd>
		<BldgTypeCd code="O">OTHER</BldgTypeCd>
	</BldgTypeCds>
	<ClaimStatusCds>
		<ClaimStatusCd code="O">OPEN</ClaimStatusCd>
		<ClaimStatusCd code="CWP">CLOSED W/O PAYMENT</ClaimStatusCd>
		<ClaimStatusCd code="C">CLOSED</ClaimStatusCd>
		<ClaimStatusCd code="SUB">SUBROGATION PENDING</ClaimStatusCd>
		<ClaimStatusCd code="SAL">SALVAGE PENDING</ClaimStatusCd>
	</ClaimStatusCds>
	<ClaimTypeCds>
		<ClaimTypeCd code="THFT">THEFT</ClaimTypeCd>
		<ClaimTypeCd code="SALV">SALVAGE</ClaimTypeCd>
		<ClaimTypeCd code="VHPD">AUTO PHYSICAL DAMAGE</ClaimTypeCd>
		<ClaimTypeCd code="EXPO">EXPORT</ClaimTypeCd>
		<ClaimTypeCd code="SANC">DEPARTMENT OF HEALTH</ClaimTypeCd>
		<ClaimTypeCd code="CASU">CASUALTY</ClaimTypeCd>
		<ClaimTypeCd code="PROP">PROPERTY</ClaimTypeCd>
		<ClaimTypeCd code="WC">WORKER'S COMP</ClaimTypeCd>
		<ClaimTypeCd code="P&amp;C">PROPERTY/CASUALTY</ClaimTypeCd>
	</ClaimTypeCds>
	<CMSWarningCds>
		<CMSWarningCd code="01">RRE Code missing or Invalid</CMSWarningCd>
		<CMSWarningCd code="02">TIN Missing or Invalid</CMSWarningCd>
		<CMSWarningCd code="03">Site ID Missing or Invalid</CMSWarningCd>
		<CMSWarningCd code="04">Injured Party HICN or Injured party SSN is required</CMSWarningCd>
		<CMSWarningCd code="05">Injured Party DOB missing or Invalid</CMSWarningCd>
		<CMSWarningCd code="06">One or More Injured Party Representative Last Name Missing or Invalid</CMSWarningCd>
		<CMSWarningCd code="07">One or More Injured Party Representative First Name Missing or Invalid</CMSWarningCd>
		<CMSWarningCd code="08">One or More Injured Party Representative TIN Missing or Invalid</CMSWarningCd>
		<CMSWarningCd code="09">One or More Injured Party Representative Mailing Address Missing or Invalid</CMSWarningCd>
		<CMSWarningCd code="10">One or More Injured Party Representative City Missing or Invalid</CMSWarningCd>
		<CMSWarningCd code="11">One or More Injured Party Representative State Missing or Invalid</CMSWarningCd>
		<CMSWarningCd code="12">One or More Injured Party Representative Zip Code Missing or Invalid</CMSWarningCd>
		<CMSWarningCd code="13">One or More Injured Party Representative Phone Missing or Invalid</CMSWarningCd>
		<CMSWarningCd code="14">Self Insured indicator Missing or Invalid – required for liability &amp; workers comp claims (for TPA only)</CMSWarningCd>
		<CMSWarningCd code="15">Date of Incident Missing or Invalid</CMSWarningCd>
		<CMSWarningCd code="16">State of Venue Missing or Invalid</CMSWarningCd>
		<CMSWarningCd code="17">No-Fault Insurance Limit Missing or Invalid</CMSWarningCd>
		<CMSWarningCd code="18">ORM Indicator Missing or Invalid</CMSWarningCd>
		<CMSWarningCd code="19">TPOC Amount Missing or Invalid</CMSWarningCd>
		<CMSWarningCd code="20">Alleged Cause of Injury, Incident or Illness Missing or Invalid</CMSWarningCd>
		<CMSWarningCd code="21">ICD-9 Diagnosis Code Missing</CMSWarningCd>
		<CMSWarningCd code="22">Description of Illness/Injury Missing or Invalid or Alleged Cause of Injury and ICD9 code (required prior to 01/01/2011)</CMSWarningCd>
		<CMSWarningCd code="23">Product Generic Name Missing or Invalid</CMSWarningCd>
		<CMSWarningCd code="24">Product Brand Name Missing or Invalid</CMSWarningCd>
		<CMSWarningCd code="25">Product Manufacturer Missing or Invalid</CMSWarningCd>
		<CMSWarningCd code="26">Product Alleged Harm Missing or Invalid</CMSWarningCd>
		<CMSWarningCd code="27">ICD-10 Diagnosis Code Missing or Invalid (future)</CMSWarningCd>
		<CMSWarningCd code="28">One or more Additional Claimant Individual/Business Indicator Missing or Invalid</CMSWarningCd>
		<CMSWarningCd code="29">One or more Additional Claimant Business Name Missing or Invalid</CMSWarningCd>
		<CMSWarningCd code="30">One or more Additional Claimant Last Name Missing or Invalid</CMSWarningCd>
		<CMSWarningCd code="31">One or more Additional Claimant First Name Missing or Invalid</CMSWarningCd>
		<CMSWarningCd code="32">One or more Additional Claimant SSN/TIN Missing or Invalid</CMSWarningCd>
		<CMSWarningCd code="33">One or more Additional Claimant TIN Missing or Invalid</CMSWarningCd>
		<CMSWarningCd code="34">One or more Additional Claimant Mailing Address Missing or Invalid</CMSWarningCd>
		<CMSWarningCd code="35">One or more Additional Claimant City Missing or Invalid</CMSWarningCd>
		<CMSWarningCd code="36">One or more Additional Claimant State Missing or Invalid</CMSWarningCd>
		<CMSWarningCd code="37">One or more Additional Claimant Zip Code Missing or Invalid</CMSWarningCd>
		<CMSWarningCd code="38">One or more Additional Claimant Phone Missing or Invalid</CMSWarningCd>
		<CMSWarningCd code="39">One or more Additional Claimant SSN/TIN Missing or Invalid</CMSWarningCd>
		<CMSWarningCd code="40">One or more Additional Claimant Mailing Address Missing or Invalid</CMSWarningCd>
		<CMSWarningCd code="41">One or more Additional Claimant Zip Code Missing or Invalid</CMSWarningCd>
		<CMSWarningCd code="42">One or more Additional Claimant Phone Missing or Invalid</CMSWarningCd>
		<CMSWarningCd code="43">ORM Termination Date must be at least 30 days after Date Of Incident</CMSWarningCd>
		<CMSWarningCd code="44">TPOC date 1 must be greater than CMS Date of Incident</CMSWarningCd>
		<CMSWarningCd code="45">TPOC date 2 must be greater than CMS Date of Incident</CMSWarningCd>
		<CMSWarningCd code="46">TPOC date 3 must be greater than CMS Date of Incident</CMSWarningCd>
		<CMSWarningCd code="47">TPOC date 4 must be greater than CMS Date of Incident</CMSWarningCd>
		<CMSWarningCd code="48">TPOC date 5 must be greater than CMS Date of Incident</CMSWarningCd>
		<CMSWarningCd code="49">Total of all TPOC amounts is below dollar threshold</CMSWarningCd>
		<CMSWarningCd code="50">ICD-9 Diagnosis Code 1 is invalid</CMSWarningCd>
		<CMSWarningCd code="51">ICD-9 Diagnosis Code 2 is invalid</CMSWarningCd>
		<CMSWarningCd code="52">ICD-9 Diagnosis Code 3 is invalid</CMSWarningCd>
		<CMSWarningCd code="53">ICD-9 Diagnosis Code 4 is invalid</CMSWarningCd>
		<CMSWarningCd code="54">ICD-9 Diagnosis Code 5 is invalid</CMSWarningCd>
		<CMSWarningCd code="55">ICD-9 Diagnosis Code 6 is invalid</CMSWarningCd>
		<CMSWarningCd code="56">ICD-9 Diagnosis Code 7 is invalid</CMSWarningCd>
		<CMSWarningCd code="57">ICD-9 Diagnosis Code 8 is invalid</CMSWarningCd>
		<CMSWarningCd code="58">ICD-9 Diagnosis Code 9 is invalid</CMSWarningCd>
		<CMSWarningCd code="59">ICD-9 Diagnosis Code 10 is invalid</CMSWarningCd>
		<CMSWarningCd code="60">ICD-9 Diagnosis Code 11 is invalid</CMSWarningCd>
		<CMSWarningCd code="61">ICD-9 Diagnosis Code 12 is invalid</CMSWarningCd>
		<CMSWarningCd code="62">ICD-9 Diagnosis Code 13 is invalid</CMSWarningCd>
		<CMSWarningCd code="63">ICD-9 Diagnosis Code 14 is invalid</CMSWarningCd>
		<CMSWarningCd code="64">ICD-9 Diagnosis Code 15 is invalid</CMSWarningCd>
		<CMSWarningCd code="65">ICD-9 Diagnosis Code 16 is invalid</CMSWarningCd>
		<CMSWarningCd code="66">ICD-9 Diagnosis Code 17 is invalid</CMSWarningCd>
		<CMSWarningCd code="67">ICD-9 Diagnosis Code 18 is invalid</CMSWarningCd>
		<CMSWarningCd code="68">ICD-9 Diagnosis Code 19 is invalid</CMSWarningCd>
		<CMSWarningCd code="69">TPOC claim was entered with ORM indicator equal Y and no ORM coverage</CMSWarningCd>
		<CMSWarningCd code="70">ORM claim was entered with ORM=N. Claim will not go to CMS until ORM=Y or TPOC date is entered</CMSWarningCd>
		<CMSWarningCd code="71">No Fault limit exceeds 99,999,999.99</CMSWarningCd>
		<CMSWarningCd code="72">Total of TPOC amounts exceed 99,999,999.99</CMSWarningCd>
		<CMSWarningCd code="73">TPOC amount is sent but TPOC date is missing</CMSWarningCd>
		<CMSWarningCd code="74">CMS recommends not using ICD9 code 9999; claimants may be denied benefits if this code is used</CMSWarningCd>
		<CMSWarningCd code="75">CMS recommends not using ICD9 code 9599; claimants may be denied benefits if this code is used</CMSWarningCd>
		<CMSWarningCd code="76">NOINJ in ICD9 or COI field is invalid for WC and No-Fault claims; only valid for liability</CMSWarningCd>
		<CMSWarningCd code="77">NOINJ in the ICD9 or COI fields can only be reported on claims with the ORM indicator = NO </CMSWarningCd>
		<CMSWarningCd code="78">ICD9-1 and COI are reported as NOINJ; all other ICD9 fields must be blank</CMSWarningCd>
		<CMSWarningCd code="79">NOINJ is only valid for ICD9-1 field; cannot be reported in ICD9-2 through ICD9-19 fields</CMSWarningCd>
		<CMSWarningCd code="80">COI code is NOINJ; ICD9-1 must also be reported as NOINJ</CMSWarningCd>
		<CMSWarningCd code="81">ICD9-1 is NOINJ; COI code must also be reported as NOINJ</CMSWarningCd>
	</CMSWarningCds>
	<ColorCds>
		<ColorCd code="SIL">ALUMINUM / SILVER</ColorCd>
		<ColorCd code="BLU">BLUE</ColorCd>
		<ColorCd code="BRO">BROWN</ColorCd>
		<ColorCd code="CPR">COPPER</ColorCd>
		<ColorCd code="GRN">GREEN</ColorCd>
		<ColorCd code="LAV">LAVENDER</ColorCd>
		<ColorCd code="PNK">PINK</ColorCd>
		<ColorCd code="TRQ">TURQUOISE</ColorCd>
		<ColorCd code="AME">AMETHYST</ColorCd>
		<ColorCd code="DBL">DARK BLUE</ColorCd>
		<ColorCd code="MAR">BURGUNDY / MAROON</ColorCd>
		<ColorCd code="GRY">GRAY</ColorCd>
		<ColorCd code="CRM">CREAM / IVORY</ColorCd>
		<ColorCd code="ONG">ORANGE</ColorCd>
		<ColorCd code="TAN">TAN</ColorCd>
		<ColorCd code="YEL">YELLOW</ColorCd>
		<ColorCd code="BGE">BEIGE</ColorCd>
		<ColorCd code="LBL">LIGHT BLUE</ColorCd>
		<ColorCd code="CAM">CAMOUFLAGE</ColorCd>
		<ColorCd code="GLD">GOLD</ColorCd>
		<ColorCd code="LGR">LIGHT GREEN</ColorCd>
		<ColorCd code="MULCOL">MULTICOLORED</ColorCd>
		<ColorCd code="RED">RED</ColorCd>
		<ColorCd code="WHI">WHITE</ColorCd>
		<ColorCd code="BLK">BLACK</ColorCd>
		<ColorCd code="BRZ">BRONZE</ColorCd>
		<ColorCd code="COM">CHROME / STAINLESS STEEL</ColorCd>
		<ColorCd code="DGR">DARK GREEN</ColorCd>
		<ColorCd code="MVE">MAUVE</ColorCd>
		<ColorCd code="PLE">PURPLE</ColorCd>
		<ColorCd code="TEA">TEAL</ColorCd>
	</ColorCds>
	<COVERAGE-TYPES>
		<TYPE code="BLDG">PROP. BLDG</TYPE>
		<TYPE code="BODI">BODILY INJURY</TYPE>
		<TYPE code="COLL">COLLISION</TYPE>
		<TYPE code="COMP">COMPREHENSIVE</TYPE>
		<TYPE code="CONT">PROP. CONTENTS</TYPE>
		<TYPE code="DISB">DISABILITY</TYPE>
		<TYPE code="DRCT">DIRECTOR'S AND OFFICER'S</TYPE>
		<TYPE code="EROM">ERRORS AND OMISSIONS</TYPE>
		<TYPE code="ERPL">EMPLOYMENT RELATED PRACTICES</TYPE>
		<TYPE code="GGKP">GARAGEKEEPERS</TYPE>
		<TYPE code="GLSS">GLASS</TYPE>
		<TYPE code="HEAL">HEALTH</TYPE>
		<TYPE code="HULL">HULL</TYPE>
		<TYPE code="LIAB">LIABILITY</TYPE>
		<TYPE code="LIFE">LIFE</TYPE>
		<TYPE code="LUSE">PROP. LOSS USE</TYPE>
		<TYPE code="MOTR">MOTOR</TYPE>
		<TYPE code="MPAY">MEDICAL PAYMENTS</TYPE>
		<TYPE code="NCVG">NO COVERAGE</TYPE>
		<TYPE code="NFLT">PIP</TYPE>
		<TYPE code="OTAU">OTHER AUTO</TYPE>
		<TYPE code="OTLB">OTHER LIABILITY</TYPE>
		<TYPE code="OTPR">PROP. OTHER</TYPE>
		<TYPE code="PINJ">PERSONAL INJURY</TYPE>
		<TYPE code="POLL">POLLUTION</TYPE>
		<TYPE code="PROD">PRODUCT AND COMPLETED OPERATION</TYPE>
		<TYPE code="PRPD">PROPERTY DAMAGE</TYPE>
		<TYPE code="PTCI">PROTECTION AND INDEMNITY</TYPE>
		<TYPE code="RENT">RENTAL REIMBURSEMENT</TYPE>
		<TYPE code="STCK">PROP. STOCK</TYPE>
		<TYPE code="TOWL">TOWING AND LABOR</TYPE>
		<TYPE code="UNDR">UNDERINSURED MOTORIST</TYPE>
		<TYPE code="UNIN">UNINSURED MOTORIST</TYPE>
		<TYPE code="WCIL">INDEMNITY</TYPE>
		<TYPE code="WCLL">LIABILITY</TYPE>
		<TYPE code="WCML">MEDICAL</TYPE>
	</COVERAGE-TYPES>
	<DriverRelationshipToOwnerCds>
		<DriverRelationshipToOwnerCd code="PH">POLICYHOLDER</DriverRelationshipToOwnerCd>
		<DriverRelationshipToOwnerCd code="SP">SPOUSE</DriverRelationshipToOwnerCd>
		<DriverRelationshipToOwnerCd code="CH">CHILD</DriverRelationshipToOwnerCd>
		<DriverRelationshipToOwnerCd code="SI">SIBLING</DriverRelationshipToOwnerCd>
		<DriverRelationshipToOwnerCd code="PG">PARENT/GUARDIAN</DriverRelationshipToOwnerCd>
		<DriverRelationshipToOwnerCd code="EM">EMPLOYEE</DriverRelationshipToOwnerCd>
		<DriverRelationshipToOwnerCd code="OR">OTHER RELATED</DriverRelationshipToOwnerCd>
		<DriverRelationshipToOwnerCd code="NR">NON-RELATED</DriverRelationshipToOwnerCd>
		<DriverRelationshipToOwnerCd code="NO">NO-OPERATOR</DriverRelationshipToOwnerCd>
		<DriverRelationshipToOwnerCd code="UN">UNKNOWN</DriverRelationshipToOwnerCd>
		<DriverRelationshipToOwnerCd code="P">POLICYHOLDER #1</DriverRelationshipToOwnerCd>
		<DriverRelationshipToOwnerCd code="H">POLICYHOLDER #2</DriverRelationshipToOwnerCd>
		<DriverRelationshipToOwnerCd code="S">SPOUSE OF POLICYHOLDER</DriverRelationshipToOwnerCd>
		<DriverRelationshipToOwnerCd code="C">CHILD OF POLICYHOLDER</DriverRelationshipToOwnerCd>
		<DriverRelationshipToOwnerCd code="B">BROTHER/SISTER OF POLICYHOLDER</DriverRelationshipToOwnerCd>
		<DriverRelationshipToOwnerCd code="F">PARENT/GUARDIAN OF POLICYHOLDER</DriverRelationshipToOwnerCd>
		<DriverRelationshipToOwnerCd code="E">EMPLOYEE OF POLICYHOLDER</DriverRelationshipToOwnerCd>
		<DriverRelationshipToOwnerCd code="O">OTHER RELATION OF POLICYHOLDER</DriverRelationshipToOwnerCd>
		<DriverRelationshipToOwnerCd code="X">NOT RELATED TO POLICYHOLDER</DriverRelationshipToOwnerCd>
		<DriverRelationshipToOwnerCd code="N">NO VEHICLE OPERATOR INVOLVED</DriverRelationshipToOwnerCd>
	</DriverRelationshipToOwnerCds>
	<HullMaterialTypeCds>
		<HullMaterialTypeCd code="ML">METAL</HullMaterialTypeCd>
		<HullMaterialTypeCd code="PL">PLASTIC</HullMaterialTypeCd>
		<HullMaterialTypeCd code="WD">WOOD</HullMaterialTypeCd>
		<HullMaterialTypeCd code="OT">OTHER</HullMaterialTypeCd>
	</HullMaterialTypeCds>
	<ItemTypeCds>
		<ItemTypeCd code="Art">ART/ANTIQUE</ItemTypeCd>
		<ItemTypeCd code="AudioVisual">AUDIO/VISUAL</ItemTypeCd>
		<ItemTypeCd code="Cash">CASH</ItemTypeCd>
		<ItemTypeCd code="Clothing">CLOTHING</ItemTypeCd>
		<ItemTypeCd code="ComputerEquip">COMPUTER EQUIPMENT</ItemTypeCd>
		<ItemTypeCd code="Furs">FURS</ItemTypeCd>
		<ItemTypeCd code="Guns">GUNS</ItemTypeCd>
		<ItemTypeCd code="Jewelry">JEWELRY</ItemTypeCd>
		<ItemTypeCd code="Silverware">SILVERWARE</ItemTypeCd>
		<ItemTypeCd code="SportsEquip">SPORTS EQUIPMENT</ItemTypeCd>
		<ItemTypeCd code="Tools">TOOLS</ItemTypeCd>
		<ItemTypeCd code="OfficeEquip">OFFICE EQUIPMENT</ItemTypeCd>
		<ItemTypeCd code="Other">OTHER</ItemTypeCd>
		<ItemTypeCd code="1">VEHICLE</ItemTypeCd>
		<ItemTypeCd code="2">BOAT</ItemTypeCd>
		<ItemTypeCd code="3">PART</ItemTypeCd>
	</ItemTypeCds>
	<!--
	<KeyIssueCds>
		<KeyIssueCd code ="01">Prior SIU Involvement</KeyIssueCd>
		<KeyIssueCd code ="02">Professional Discipline/Sanctions (AMA, etc)</KeyIssueCd>
		<KeyIssueCd code ="03">Prior Claims History</KeyIssueCd>
		<KeyIssueCd code ="04">30-day Pre/Post Policy Inception/Cancellation</KeyIssueCd>
		<KeyIssueCd code ="05">Invalid SSN</KeyIssueCd>
		<KeyIssueCd code ="06">Death master file hit on SSN</KeyIssueCd>
		<KeyIssueCd code ="07">Delayed Report</KeyIssueCd>
		<KeyIssueCd code ="08">Appearance of NICB Forewarn Notice</KeyIssueCd>
		<KeyIssueCd code ="09">Mail Drop exists on insured, claimant or searchable service provider address</KeyIssueCd>
		<KeyIssueCd code ="10">Undocumented loss (no police/incident reports)</KeyIssueCd>
		<KeyIssueCd code ="11">Date of hire/termination to date of loss (WC)</KeyIssueCd>
		<KeyIssueCd code ="12">Day of loss; Monday or Friday; day after a holiday</KeyIssueCd>
		<KeyIssueCd code ="13">Property loss location different than insured’s address</KeyIssueCd>
		<KeyIssueCd code ="14">Prior salvage</KeyIssueCd>
		<KeyIssueCd code ="15">VIN failed edit</KeyIssueCd>
	</KeyIssueCds>
	-->
	<LOSS-TYPES>
		<TYPE code="ACFT">AIRCRAFT</TYPE>
		<TYPE code="ANML">ANIMAL</TYPE>
		<TYPE code="BISF">SLIP AND FALL</TYPE>
		<TYPE code="BODI">BODILY INJURY</TYPE>
		<TYPE code="BURG">BURGLARY</TYPE>
		<TYPE code="CLPS">COLLAPSE</TYPE>
		<TYPE code="CNTP">CONTAMINATION/POLLUTION</TYPE>
		<TYPE code="COLL">COLLISION</TYPE>
		<TYPE code="COMP">COMPREHENSIVE</TYPE>
		<TYPE code="CRCK">CRACKING/RUPTURE</TYPE>
		<TYPE code="DEAD">DEATH</TYPE>
		<TYPE code="DISB">DISABILITY</TYPE>
		<TYPE code="DISC">DISCRIMINATION</TYPE>
		<TYPE code="DOGB">DOGBITE</TYPE>
		<TYPE code="ELEC">ELECTRICAL CURRENT</TYPE>
		<TYPE code="ENVR">ENVIRONMENT</TYPE>
		<TYPE code="ERTH">EARTHQUAKE/MOVEMENT</TYPE>
		<TYPE code="EXPL">EXPLOSION</TYPE>
		<TYPE code="EXPT">EXPORT</TYPE>
		<TYPE code="FALS">FALSE ARREST</TYPE>
		<TYPE code="FDTY">FIDELITY</TYPE>
		<TYPE code="FIRE">FIRE</TYPE>
		<TYPE code="FLOD">FLOOD</TYPE>
		<TYPE code="FOBJ">FALLING OBJECTS</TYPE>
		<TYPE code="FREZ">FREEZING</TYPE>
		<TYPE code="GLSS">GLASS</TYPE>
		<TYPE code="HAIL">HAIL</TYPE>
		<TYPE code="HARS">HARASSMENT</TYPE>
		<TYPE code="HEAL">HEALTH</TYPE>
		<TYPE code="LGHT">LIGHTENING</TYPE>
		<TYPE code="LIAB">PROPERTY DAMAGE</TYPE>
		<TYPE code="LIBL">LIBEL</TYPE>
		<TYPE code="LOBG">LOST BAGGAGE</TYPE>
		<TYPE code="LVMT">LIVESTOCK MORTALITY</TYPE>
		<TYPE code="MOLD">MOLD</TYPE>
		<TYPE code="MPAY">MEDICAL PAYMENTS</TYPE>
		<TYPE code="MPRS">MALICIOUS PROSECUTION</TYPE>
		<TYPE code="MYSD">MYSTERIOUS DISAPPEARANCE</TYPE>
		<TYPE code="NFLT">PIP</TYPE>
		<TYPE code="NLOS">NO LOSS</TYPE>
		<TYPE code="OTAU">OTHER AUTO</TYPE>
		<TYPE code="OTCA">OTHER CASUALTY</TYPE>
		<TYPE code="OTPI">OTHER PERSONAL INJURY</TYPE>
		<TYPE code="OTPR">OTHER PROPERTY</TYPE>
		<TYPE code="PRPD">PROPERTY DAMAGE</TYPE>
		<TYPE code="PTFT">PARTIAL THEFT</TYPE>
		<TYPE code="RENT">RENTAL REIMBURSEMENT</TYPE>
		<TYPE code="RIOT">RIOT/CIVIL COMMOTION</TYPE>
		<TYPE code="ROBB">ROBBERY</TYPE>
		<TYPE code="SINK">SINKING</TYPE>
		<TYPE code="SLND">SLANDER</TYPE>
		<TYPE code="SMOK">SMOKE</TYPE>
		<TYPE code="SNKL">SINKHOLE</TYPE>
		<TYPE code="SRTY">SURETY</TYPE>
		<TYPE code="THFT">THEFT</TYPE>
		<TYPE code="TOWL">TOWING AND LABOR</TYPE>
		<TYPE code="TRSM">TERRORISM</TYPE>
		<TYPE code="UPST">UPSET, OVERTURN</TYPE>
		<TYPE code="VAMM">VANDALISM AND MALICIOUS MISCHIEF</TYPE>
		<TYPE code="VHCL">VEHICLES</TYPE>
		<TYPE code="VOLC">VOLCANIC ERUPTION</TYPE>
		<TYPE code="WATR">WATER</TYPE>
		<TYPE code="WCIL">INDEMNITY</TYPE>
		<TYPE code="WCLL">LIABILITY</TYPE>
		<TYPE code="WCML">MEDICAL</TYPE>
		<TYPE code="WEVC">WRONGFUL EVICTION</TYPE>
		<TYPE code="WIND">WIND</TYPE>
		<TYPE code="WISS">WEIGHT ICE/SNOW/SLEET</TYPE>
		<TYPE code="WTRM">WRONGFUL TERMINATION</TYPE>
	</LOSS-TYPES>
	<MatchReasonCds>
		<MatchReasonCd code="NM">NO MATCHES</MatchReasonCd>
		<MatchReasonCd code="N">NAME</MatchReasonCd>
		<MatchReasonCd code="A">ADDRESS</MatchReasonCd>
		<MatchReasonCd code="S">SSN</MatchReasonCd>
		<MatchReasonCd code="R">TIN</MatchReasonCd>
		<MatchReasonCd code="V">VIN</MatchReasonCd>
		<MatchReasonCd code="P">PHONE</MatchReasonCd>
		<MatchReasonCd code="D">DRIVER'S LICENSE</MatchReasonCd>
		<MatchReasonCd code="L">LICENSE PLATE NUMBER</MatchReasonCd>
		<MatchReasonCd code="LL">LOCATION OF LOSS</MatchReasonCd>
		<MatchReasonCd code="NC">NAME COMBINATION</MatchReasonCd>
		<MatchReasonCd code="Y">POLICY NUMBER</MatchReasonCd>
	</MatchReasonCds>
	<MatchReportTypeCds>
		<MatchReportTypeCd code="I">INITIATING CLAIM</MatchReportTypeCd>
		<MatchReportTypeCd code="R">RESEARCH</MatchReportTypeCd>
		<MatchReportTypeCd code="S">AUTOMATIC UPDATE</MatchReportTypeCd>
		<MatchReportTypeCd code="V">RECOVERY</MatchReportTypeCd>
		<MatchReportTypeCd code="P">REPLACEMENT</MatchReportTypeCd>
		<MatchReportTypeCd code="Q">AUTOMATIC IMPOUND UPDATE</MatchReportTypeCd>
	</MatchReportTypeCds>
	<MedicalSanctionTypeCds>
		<MedicalSanctionTypeCd code="1128A1">PROGRAM RELATED CONVICTION</MedicalSanctionTypeCd>
		<MedicalSanctionTypeCd code="1128A2">PROGRAM - RELATED CONVICTION </MedicalSanctionTypeCd>
		<MedicalSanctionTypeCd code="1128B1">CONVICTION RELATED TO FRAUD</MedicalSanctionTypeCd>
		<MedicalSanctionTypeCd code="1128B2">CONVICTION RELATED TO INVESTIGATION OBSTRUCTION</MedicalSanctionTypeCd>
		<MedicalSanctionTypeCd code="1128B3">CONVICTION RELATED TO CONTROLLED SUBSTANCES</MedicalSanctionTypeCd>
		<MedicalSanctionTypeCd code="1128B4">LICENSE REVOCATION OF SUSPENSION</MedicalSanctionTypeCd>
		<MedicalSanctionTypeCd code="1128B5">SUS. OR EXCL. UNDER A FED./ST. HEALTH CARE PRO</MedicalSanctionTypeCd>
		<MedicalSanctionTypeCd code="1128B6">EXCESSIVE CLAIMS OR SUBSTANDARD SERVICES</MedicalSanctionTypeCd>
		<MedicalSanctionTypeCd code="1128B6B">EXCESSIVE CLAIMS OR SUBSTANDARD SERVICES</MedicalSanctionTypeCd>
		<MedicalSanctionTypeCd code="1128B6C">EXCESSIVE CLAIMS OR SUBSTANDARD SERVICES</MedicalSanctionTypeCd>
		<MedicalSanctionTypeCd code="1128B7">OTHER PROHIBITED ACTIVITIES </MedicalSanctionTypeCd>
		<MedicalSanctionTypeCd code="1128B7A">OTHER PROHIBITED ACTIVITIES</MedicalSanctionTypeCd>
	</MedicalSanctionTypeCds>
	<MiscPartyRoleCds>
		<MiscPartyRoleCd code="BE">BODY SHOP EMPLOYEE</MiscPartyRoleCd>
		<MiscPartyRoleCd code="BO">BODY SHOP MANAGER</MiscPartyRoleCd>
		<MiscPartyRoleCd code="BS">BODY SHOP</MiscPartyRoleCd>
		<MiscPartyRoleCd code="CD">CLAIMANT DRIVER</MiscPartyRoleCd>
		<MiscPartyRoleCd code="CL">CLAIMANT</MiscPartyRoleCd>
		<MiscPartyRoleCd code="CI"> BOTH CLAIMANT &amp; INSURED</MiscPartyRoleCd>
		<MiscPartyRoleCd code="CO">CORP OFFICER</MiscPartyRoleCd>
		<MiscPartyRoleCd code="CP">CLAIMANT PASSENGER</MiscPartyRoleCd>
		<MiscPartyRoleCd code="CT">CONTRACTOR</MiscPartyRoleCd>
		<MiscPartyRoleCd code="EM">EMPLOYER</MiscPartyRoleCd>
		<MiscPartyRoleCd code="FM">FIRST MORTGAGEE</MiscPartyRoleCd>
		<MiscPartyRoleCd code="IA">INDEPENDENT APPRAISER</MiscPartyRoleCd>
		<MiscPartyRoleCd code="IB">AGENT/ BROKER</MiscPartyRoleCd>
		<MiscPartyRoleCd code="ID">INSURED DRIVER</MiscPartyRoleCd>
		<MiscPartyRoleCd code="IE">iNSURED EMPLOYEE</MiscPartyRoleCd>
		<MiscPartyRoleCd code="II">INDEPENDENT ADJUSTER</MiscPartyRoleCd>
		<MiscPartyRoleCd code="IN">INSURED</MiscPartyRoleCd>
		<MiscPartyRoleCd code="IO">OTHER INSURANCE PERSONNEL</MiscPartyRoleCd>
		<MiscPartyRoleCd code="IP">INSURED PASSENGER</MiscPartyRoleCd>
		<MiscPartyRoleCd code="IR">STAFF APPRAISER</MiscPartyRoleCd>
		<MiscPartyRoleCd code="IS">STAFF ADJUSTER</MiscPartyRoleCd>
		<MiscPartyRoleCd code="IY">INSURANCE EMPLOYEE</MiscPartyRoleCd>
		<MiscPartyRoleCd code="LC">CLAIMANT LAWYER</MiscPartyRoleCd>
		<MiscPartyRoleCd code="LI">INSURED LAWYER</MiscPartyRoleCd>
		<MiscPartyRoleCd code="LM">LAW OFFICE MANAGER</MiscPartyRoleCd>
		<MiscPartyRoleCd code="LO">LAW OFFICE</MiscPartyRoleCd>
		<MiscPartyRoleCd code="LP">LOSS PAYEE</MiscPartyRoleCd>
		<MiscPartyRoleCd code="LR">PARALEGAL</MiscPartyRoleCd>
		<MiscPartyRoleCd code="LS">LAWYER FOR CMS CLAIMANT</MiscPartyRoleCd>
		<MiscPartyRoleCd code="LW">LAWYER - OTHER</MiscPartyRoleCd>
		<MiscPartyRoleCd code="MA">PHYSICIAN'S ASSISTANT</MiscPartyRoleCd>
		<MiscPartyRoleCd code="MC">CHIROPRACTOR</MiscPartyRoleCd>
		<MiscPartyRoleCd code="MD">MEDICAL DOCTOR</MiscPartyRoleCd>
		<MiscPartyRoleCd code="MG">RADIOLIGIST</MiscPartyRoleCd>
		<MiscPartyRoleCd code="MH">MEDICAL/CLINICAL HOSPITAL</MiscPartyRoleCd>
		<MiscPartyRoleCd code="ML">LICENSED VOCATIONAL/PRACTICAL NURSE</MiscPartyRoleCd>
		<MiscPartyRoleCd code="MM">OTHER MEDICAL PERSONNEL</MiscPartyRoleCd>
		<MiscPartyRoleCd code="MN">NURSE</MiscPartyRoleCd>
		<MiscPartyRoleCd code="MO">OTHER DOCOTR</MiscPartyRoleCd>
		<MiscPartyRoleCd code="MR">LABORATORY</MiscPartyRoleCd>
		<MiscPartyRoleCd code="MS">DENTIST</MiscPartyRoleCd>
		<MiscPartyRoleCd code="MT">PHYSICAL THERAPIST</MiscPartyRoleCd>
		<MiscPartyRoleCd code="MK">MEDICAL CLINIC</MiscPartyRoleCd>
		<MiscPartyRoleCd code="MF">HOSPITAL</MiscPartyRoleCd>
		<MiscPartyRoleCd code="ME">EMERGENCY CARE FACILITY</MiscPartyRoleCd>
		<MiscPartyRoleCd code="MX">X-RAY LAB</MiscPartyRoleCd>
		<MiscPartyRoleCd code="MY">OTHER MEDICAL PROVIDER</MiscPartyRoleCd>
		<MiscPartyRoleCd code="MZ">OFFICE ADMINISTRATOR</MiscPartyRoleCd>
		<MiscPartyRoleCd code="NP">OTHER NON-PROFESSIONAL</MiscPartyRoleCd>
		<MiscPartyRoleCd code="OP">OTHER PROFESSIONAL</MiscPartyRoleCd>
		<MiscPartyRoleCd code="OS">OSTEOPATH</MiscPartyRoleCd>
		<MiscPartyRoleCd code="OW">OWNER</MiscPartyRoleCd>
		<MiscPartyRoleCd code="PA">PUBLIC ADJUSTER</MiscPartyRoleCd>
		<MiscPartyRoleCd code="PH">PHARMACY</MiscPartyRoleCd>
		<MiscPartyRoleCd code="PS">PSYCHOLOGIST</MiscPartyRoleCd>
		<MiscPartyRoleCd code="PT">PARTNER</MiscPartyRoleCd>
		<MiscPartyRoleCd code="SA">INSURED DRIVER</MiscPartyRoleCd>
		<MiscPartyRoleCd code="SB">SALVAGE BUYER</MiscPartyRoleCd>
		<MiscPartyRoleCd code="SI">SECOND INSURED</MiscPartyRoleCd>
		<MiscPartyRoleCd code="SM">SECOND MORTGAGEE</MiscPartyRoleCd>
		<MiscPartyRoleCd code="TN">TENANT</MiscPartyRoleCd>
		<MiscPartyRoleCd code="TW">TOWING COMPANY</MiscPartyRoleCd>
		<MiscPartyRoleCd code="WT">WITNESS</MiscPartyRoleCd>
		<MiscPartyRoleCd code="CE">CLAIMANT PEDESTRIAN</MiscPartyRoleCd>
		<MiscPartyRoleCd code="FA">FAMILY</MiscPartyRoleCd>
		<MiscPartyRoleCd code="ES">ESTATE</MiscPartyRoleCd>
		<MiscPartyRoleCd code="OC">OTHER CLAIMANT</MiscPartyRoleCd>
		<MiscPartyRoleCd code="OR">OTHER REPRESENTATIVE</MiscPartyRoleCd>
		<MiscPartyRoleCd code="GM">GUARDIAN OF MINOR</MiscPartyRoleCd>
		<MiscPartyRoleCd code="GU">GUARDIAN</MiscPartyRoleCd>
		<MiscPartyRoleCd code="PW">POWER OF ATTORNEY</MiscPartyRoleCd>
	</MiscPartyRoleCds>
	<NCICStatusCds>
		<NCICStatusCd code="1">ACTIVE</NCICStatusCd>
		<NCICStatusCd code="2">IINACTIVE</NCICStatusCd>
		<NCICStatusCd code="3">PURGE</NCICStatusCd>
	</NCICStatusCds>
	<OccupancyTypeCds>
		<OccupancyTypeCd code="V">VACANT</OccupancyTypeCd>
		<OccupancyTypeCd code="U">UNDER CONSTRUCTION</OccupancyTypeCd>
	</OccupancyTypeCds>
	<POLICY-TYPES>
		<TYPE code="ACHE">ACCIDENT AND HEALTH</TYPE>
		<TYPE code="BMCH">BOILER AND MACHINERY</TYPE>
		<TYPE code="BOAT">BOAT POLICY</TYPE>
		<TYPE code="CAPP">COMMERCIAL AUTOMOBILE</TYPE>
		<TYPE code="CAVL">COMMERCIAL LIABILITY AVIATION</TYPE>
		<TYPE code="CAVN">COMMERCIAL PROPERTY AVIATION</TYPE>
		<TYPE code="CCGL">COMMERCIAL GENERAL LIABILTY</TYPE>
		<TYPE code="CCRM">COMMERCIAL CRIME</TYPE>
		<TYPE code="CFRL">COMMERCIAL LIABILITY FARM/RANCH</TYPE>
		<TYPE code="CFRM">COMMERCIAL PROPERTY FARM/RANCH</TYPE>
		<TYPE code="CIMR">COMMERCIAL INLAND MARINE</TYPE>
		<TYPE code="CLBO">COMMERCIAL LIABILITY BUSINESSOWNERS</TYPE>
		<TYPE code="CLMP">COMMERCIAL LIABILITY CMP</TYPE>
		<TYPE code="COML">COMMERCIAL LIABILITY OCEAN MARINE</TYPE>
		<TYPE code="COMR">COMMERCIAL PROPERTY OCEAN MARINE</TYPE>
		<TYPE code="CPAO">COMMERCIAL PROPERTY ALLIED/OTHER</TYPE>
		<TYPE code="CPBO">COMMERCIAL PROPERTY BUSINESSOWNERS</TYPE>
		<TYPE code="CPFR">COMMERCIAL PROPERTY FIRE</TYPE>
		<TYPE code="CPMP">COMMERCIAL PROPERTY CMP</TYPE>
		<TYPE code="CPOP">COMMERCIAL PROPERTY OTHER</TYPE>
		<TYPE code="CRGO">CARGO</TYPE>
		<TYPE code="FSUR">FIDELITY AND SURETY</TYPE>
		<TYPE code="LIFE">LIFE</TYPE>
		<TYPE code="LSTK">LIVESTOCK</TYPE>
		<TYPE code="MMAL">COMMERCIAL LIABILITY MED MAL</TYPE>
		<TYPE code="MOBL">MOBILE EQUIPMENT</TYPE>
		<TYPE code="OLIB">COMMERCIAL LIABILITY OTHER</TYPE>
		<TYPE code="PAPP">PERSONAL AUTOMOBILE</TYPE>
		<TYPE code="PLFM">PERSONAL LIABILITY FARM</TYPE>
		<TYPE code="PLIB">COMMERCIAL LIABILITY PROFESSIONAL</TYPE>
		<TYPE code="PLMA">PERSONAL LIABILITY MARINE</TYPE>
		<TYPE code="PPAO">PERSONAL PROPERTY ALLIED/OTHER</TYPE>
		<TYPE code="PPFM">PERSONAL PROPERTY FARM</TYPE>
		<TYPE code="PPFR">PERSONAL PROPERTY FIRE</TYPE>
		<TYPE code="PPHO">PERSONAL PROPERTY HOMEOWNERS</TYPE>
		<TYPE code="PPIM">PERSONAL INLAND MARINE</TYPE>
		<TYPE code="PPMA">PERSONAL PROPERTY MARINE</TYPE>
		<TYPE code="PPMH">PERSONAL PROPERTY MOBILE HOME</TYPE>
		<TYPE code="PPOP">PROPERTY OTHER</TYPE>
		<TYPE code="UMBR">UMBRELLA</TYPE>
		<TYPE code="WCEL">WORKERS COMPENSATION</TYPE>
		<TYPE code="WCFT">WATERCRAFT (UNSCHEDULED)</TYPE>
		<TYPE code="WCMA">WORKERS COMPENSATION MARINE</TYPE>
	</POLICY-TYPES>
	<ProdLiabCds>
		<ProdLiabCd code="1">NO</ProdLiabCd>
		<ProdLiabCd code="2">YES, BUT NOT A MASS TORT SITUATION</ProdLiabCd>
		<ProdLiabCd code="3">YES, AND IS A MASS TORT SITUATION</ProdLiabCd>
	</ProdLiabCds>
	<!--
	<TINValidationCds>
		<TINValidationCd code="I">Invalid or Not Issued</TINValidationCd>
		<TINValidationCd code="V">Valid</TINValidationCd>
	</TINValidationCds>
	-->
	<TINValidationCds>
		<TINValidationCd code="I"> NOT ISSUED</TINValidationCd>
		<TINValidationCd code="V"> WAS ISSUED</TINValidationCd>
	</TINValidationCds>
	<PointOfImpactCds>
		<PointOfImpactCd code="01">RIGHT FRONT CORNER</PointOfImpactCd>
		<PointOfImpactCd code="02">RIGHT FRONT</PointOfImpactCd>
		<PointOfImpactCd code="03">RIGHT SIDE </PointOfImpactCd>
		<PointOfImpactCd code="04">RIGHT REAR</PointOfImpactCd>
		<PointOfImpactCd code="05">RIGHT REAR CORNER</PointOfImpactCd>
		<PointOfImpactCd code="06">REAR CENTER</PointOfImpactCd>
		<PointOfImpactCd code="07">LEFT REAR CORNER</PointOfImpactCd>
		<PointOfImpactCd code="08">LEFT REAR</PointOfImpactCd>
		<PointOfImpactCd code="09">LEFT SIDE</PointOfImpactCd>
		<PointOfImpactCd code="10">LEFT FRONT</PointOfImpactCd>
		<PointOfImpactCd code="11">LEFT FRONT CORNER</PointOfImpactCd>
		<PointOfImpactCd code="12">FRONT END</PointOfImpactCd>
		<PointOfImpactCd code="13">ROLLOVER</PointOfImpactCd>
		<PointOfImpactCd code="14">UNKNOWN</PointOfImpactCd>
		<PointOfImpactCd code="15">TOTAL LOSS</PointOfImpactCd>
		<PointOfImpactCd code="16">NON-COLLISION DAMAGE</PointOfImpactCd>
		<PointOfImpactCd code="25">HOOD</PointOfImpactCd>
		<PointOfImpactCd code="26">DECKLID</PointOfImpactCd>
		<PointOfImpactCd code="27">ROOF</PointOfImpactCd>
		<PointOfImpactCd code="28">UNDERCARRIAGE</PointOfImpactCd>
	</PointOfImpactCds>
	<PropulsionTypeCds>
		<PropulsionTypeCd code="IN">INBOARD</PropulsionTypeCd>
		<PropulsionTypeCd code="OB">OUTBOARD</PropulsionTypeCd>
		<PropulsionTypeCd code="SA">SAIL</PropulsionTypeCd>
		<PropulsionTypeCd code="SI">SAIL &amp; INBOARD</PropulsionTypeCd>
		<PropulsionTypeCd code="SO">SAIL &amp; OUTBOARD</PropulsionTypeCd>
		<PropulsionTypeCd code="MP">OTHER</PropulsionTypeCd>
	</PropulsionTypeCds>
	<RegistrationTypeCds>
		<RegistrationTypeCd code="AM">AMBULANCE</RegistrationTypeCd>
		<RegistrationTypeCd code="AT">ATV</RegistrationTypeCd>
		<RegistrationTypeCd code="AR">AMATEUR RADIO/CB</RegistrationTypeCd>
		<RegistrationTypeCd code="AQ">ANTIQUE</RegistrationTypeCd>
		<RegistrationTypeCd code="AP">APPORTIONED</RegistrationTypeCd>
		<RegistrationTypeCd code="BU">BUS</RegistrationTypeCd>
		<RegistrationTypeCd code="CI">CITY OWNED/MUNICIPAL></RegistrationTypeCd>
		<RegistrationTypeCd code="CO">COMMERCIAL</RegistrationTypeCd>
		<RegistrationTypeCd code="CC">CONSULAR CORPS</RegistrationTypeCd>
		<RegistrationTypeCd code="CL">COLLEGIATE</RegistrationTypeCd>
		<RegistrationTypeCd code="CM">COMMEMORATIVE</RegistrationTypeCd>
		<RegistrationTypeCd code="CN">CONSERVATION</RegistrationTypeCd>
		<RegistrationTypeCd code="CU">COUNTY OWNED</RegistrationTypeCd>
		<RegistrationTypeCd code="DA">DRIVE AWAY</RegistrationTypeCd>
		<RegistrationTypeCd code="DB">DUNE BUGGY</RegistrationTypeCd>
		<RegistrationTypeCd code="DD">DENTIST</RegistrationTypeCd>
		<RegistrationTypeCd code="DL">DEALER</RegistrationTypeCd>
		<RegistrationTypeCd code="DP">DIPLOMATIC</RegistrationTypeCd>
		<RegistrationTypeCd code="DX">DISABLED PERSON</RegistrationTypeCd>
		<RegistrationTypeCd code="DU">DUPLICATE</RegistrationTypeCd>
		<RegistrationTypeCd code="DV">DISABLED VETERAN</RegistrationTypeCd>
		<RegistrationTypeCd code="EX">EXEMPT</RegistrationTypeCd>
		<RegistrationTypeCd code="FD">FIRE DEPARTMENT</RegistrationTypeCd>
		<RegistrationTypeCd code="FG">FOREIGN GOVERNMENT</RegistrationTypeCd>
		<RegistrationTypeCd code="FM">FARM VEHICLE</RegistrationTypeCd>
		<RegistrationTypeCd code="HI">HEARING IMPAIRED</RegistrationTypeCd>
		<RegistrationTypeCd code="IP">INTERNATIONAL PLATE</RegistrationTypeCd>
		<RegistrationTypeCd code="IT">IN TRANSIT</RegistrationTypeCd>
		<RegistrationTypeCd code="JJ">JUDGE/ JUSTICE</RegistrationTypeCd>
		<RegistrationTypeCd code="LE">LEGISLATIVE, U.S.</RegistrationTypeCd>
		<RegistrationTypeCd code="LF">LAW ENFORCEMENT</RegistrationTypeCd>
		<RegistrationTypeCd code="LS">LEGISLATIVE, STATE</RegistrationTypeCd>
		<RegistrationTypeCd code="LS">SENATOR</RegistrationTypeCd>
		<RegistrationTypeCd code="MF">MANUFACTURER</RegistrationTypeCd>
		<RegistrationTypeCd code="ML">MILITARY-CANADA</RegistrationTypeCd>
		<RegistrationTypeCd code="MR">MILITARY RESERVIST</RegistrationTypeCd>
		<RegistrationTypeCd code="PR">PRESS</RegistrationTypeCd>
		<RegistrationTypeCd code="PF">PROFESSIONS</RegistrationTypeCd>
		<RegistrationTypeCd code="MC">MOTORCYCLE</RegistrationTypeCd>
		<RegistrationTypeCd code="MD">DEALER</RegistrationTypeCd>
		<RegistrationTypeCd code="MV">MILITARY-USA</RegistrationTypeCd>
		<RegistrationTypeCd code="NG">NATIONAL GUARD</RegistrationTypeCd>
		<RegistrationTypeCd code="OB">OMNIBUS</RegistrationTypeCd>
		<RegistrationTypeCd code="OR">ORGANIZED</RegistrationTypeCd>
		<RegistrationTypeCd code="PC">PASSENGER CAR</RegistrationTypeCd>
		<RegistrationTypeCd code="PE">PERSONALIZED/CUSTOM</RegistrationTypeCd>
		<RegistrationTypeCd code="PS">PROFESSIONAL SPORTS</RegistrationTypeCd>
		<RegistrationTypeCd code="PH">PHYSICIAN</RegistrationTypeCd>
		<RegistrationTypeCd code="PX">PHARMACIST</RegistrationTypeCd>
		<RegistrationTypeCd code="RE">RECIPROCAL</RegistrationTypeCd>
		<RegistrationTypeCd code="RV">RENTED VEHICLE</RegistrationTypeCd>
		<RegistrationTypeCd code="SC">SPEC PURPOSE COMML.</RegistrationTypeCd>
		<RegistrationTypeCd code="SN">SNOWMOBILE</RegistrationTypeCd>
		<RegistrationTypeCd code="ST">STATE OWNED</RegistrationTypeCd>
		<RegistrationTypeCd code="SV">SCHOOL VEHICLE</RegistrationTypeCd>
		<RegistrationTypeCd code="TK">TRUCK</RegistrationTypeCd>
		<RegistrationTypeCd code="TL">TRAILER</RegistrationTypeCd>
		<RegistrationTypeCd code="TM">TEMPORARY</RegistrationTypeCd>
		<RegistrationTypeCd code="TP">TRANSPORTER</RegistrationTypeCd>
		<RegistrationTypeCd code="TR">TRUCK-TRACTOR</RegistrationTypeCd>
		<RegistrationTypeCd code="TX">TAXI</RegistrationTypeCd>
		<RegistrationTypeCd code="US">U.S. GOVERNMENT</RegistrationTypeCd>
		<RegistrationTypeCd code="VF">VFW</RegistrationTypeCd>
		<RegistrationTypeCd code="ZZ">ALL OTHERS</RegistrationTypeCd>
	</RegistrationTypeCds>
	<RecoveryClassificationCds>
		<RecoveryClassificationCd code="1">NO APPARENT DAMAGE</RecoveryClassificationCd>
		<RecoveryClassificationCd code="2">STRIPPED OF MAJOR PARTS - ENGINE</RecoveryClassificationCd>
		<RecoveryClassificationCd code="3">STRIPPED OF MAJOR PARTS - TRANSMISSION</RecoveryClassificationCd>
		<RecoveryClassificationCd code="4">STRIPPED OF MAJOR PARTS - OTHER</RecoveryClassificationCd>
		<RecoveryClassificationCd code="5">STRIPPED OF MAJOR PARTS - ENGINE &amp; TRANS</RecoveryClassificationCd>
		<RecoveryClassificationCd code="6">STRIPPED OF MAJOR PARTS - ENGINE &amp; OTHER</RecoveryClassificationCd>
		<RecoveryClassificationCd code="7">STRIPPED OF MAJOR PARTS - TRANS &amp; OTHER</RecoveryClassificationCd>
		<RecoveryClassificationCd code="8">STRIPPED OF MAJOR PARTS - ENG, TRANS &amp; OTHER</RecoveryClassificationCd>
		<RecoveryClassificationCd code="9">NO MAJOR PARTS MISSING BUT DAMAGED</RecoveryClassificationCd>
	</RecoveryClassificationCds>
	<RecoveryConditionCds>
		<RecoveryConditionCd code="0">CONDITION UNKNOWN</RecoveryConditionCd>
		<RecoveryConditionCd code="2">NO APPARENT DAMAGE</RecoveryConditionCd>
		<RecoveryConditionCd code="3">STRIPPED</RecoveryConditionCd>
		<RecoveryConditionCd code="4">WRECKED</RecoveryConditionCd>
		<RecoveryConditionCd code="5">BURNED</RecoveryConditionCd>
		<RecoveryConditionCd code="6">FLOOD</RecoveryConditionCd>
		<RecoveryConditionCd code="7">VANDALIZED</RecoveryConditionCd>
		<RecoveryConditionCd code="8">STRIPPED &amp; WRECKED</RecoveryConditionCd>
		<RecoveryConditionCd code="9">STRIPPED &amp; BURNED</RecoveryConditionCd>
		<RecoveryConditionCd code="A">STRIPPED &amp; FLOOD</RecoveryConditionCd>
		<RecoveryConditionCd code="B">STRIPPED &amp; VANDALIZED</RecoveryConditionCd>
		<RecoveryConditionCd code="C">WRECKED &amp; BURNED</RecoveryConditionCd>
		<RecoveryConditionCd code="D">WRECKED &amp; VANDALIZED</RecoveryConditionCd>
		<RecoveryConditionCd code="E">BURNED &amp; VANDALIZED</RecoveryConditionCd>
		<RecoveryConditionCd code="F">FLOOD &amp; VANDALIZED</RecoveryConditionCd>
	</RecoveryConditionCds>
	<RentalStatusCds>
		<RentalStatusCd code="A">ACTIVE</RentalStatusCd>
		<RentalStatusCd code="B">MISSING</RentalStatusCd>
		<RentalStatusCd code="C">UNRETURNED</RentalStatusCd>
		<RentalStatusCd code="E">INACTIVE</RentalStatusCd>
	</RentalStatusCds>
	<SearchableElementCds>
		<SearchableElementCd code="NameAddress">NAME/ADDRESS</SearchableElementCd>
		<SearchableElementCd code="TaxIdentity">SSN/TIN</SearchableElementCd>
		<SearchableElementCd code="VIN">VIN</SearchableElementCd>
		<SearchableElementCd code="FailedVIN">VIN (FAILED EDITS)</SearchableElementCd>
		<SearchableElementCd code="DriversLicense">DRIVER'S LICENSE</SearchableElementCd>
		<SearchableElementCd code="LicensePlate">LICENSE PLATE</SearchableElementCd>
		<SearchableElementCd code="PhoneNumber">PHONE</SearchableElementCd>
	</SearchableElementCds>
	<!--
	<SSNValidationCds>
		<SSNValidationCd code="D">Death Master</SSNValidationCd>
		<SSNValidationCd code="I">Invalid or Not Issued</SSNValidationCd>
		<SSNValidationCd code="V">Issued</SSNValidationCd>
	</SSNValidationCds>
	-->
	<SSNValidationCds>
		<SSNValidationCd code="D"> WAS ISSUED</SSNValidationCd>
		<SSNValidationCd code="I"> NOT ISSUED</SSNValidationCd>
		<SSNValidationCd code="V"> WAS ISSUED</SSNValidationCd>
	</SSNValidationCds>
	<TheftLocationCds>
		<TheftLocationCd code="R">RESIDENTIAL</TheftLocationCd>
		<TheftLocationCd code="C">COMMERCIAL</TheftLocationCd>
		<TheftLocationCd code="O">OFF PREMISES</TheftLocationCd>
	</TheftLocationCds>
	<TheftTypeCds>
		<TheftTypeCd code="P">PARTIAL THEFT</TheftTypeCd>
		<TheftTypeCd code="T">TOTAL THEFT</TheftTypeCd>
	</TheftTypeCds>
	<TortThresholdTypeCds>
		<TortThresholdTypeCd code="01">VERBAL THRESHOLD</TortThresholdTypeCd>
		<TortThresholdTypeCd code="02">DOLLAR THRESHOLD</TortThresholdTypeCd>
		<TortThresholdTypeCd code="VT">VERBAL LAWSUIT THRESHOLD</TortThresholdTypeCd>
		<TortThresholdTypeCd code="DT">DOLLAR AMOUNT THRESHOLD</TortThresholdTypeCd>
	</TortThresholdTypeCds>
	<VehLossDegreeCds>
		<VehLossDegreeCd code="N">NO COVERAGE</VehLossDegreeCd>
		<VehLossDegreeCd code="D">DAMAGED</VehLossDegreeCd>
		<VehLossDegreeCd code="R">REPAIRED</VehLossDegreeCd>
		<VehLossDegreeCd code="S">THEFT</VehLossDegreeCd>
		<VehLossDegreeCd code="T">TOTAL LOSS</VehLossDegreeCd>
		<VehLossDegreeCd code="O">OTHER</VehLossDegreeCd>
		<VehLossDegreeCd code="X">UNKNOWN</VehLossDegreeCd>
	</VehLossDegreeCds>
	<VehTypeCds>
		<VehTypeCd code="PC">PASSENGER CAR</VehTypeCd>
		<VehTypeCd code="MC">MOTORCYCLE</VehTypeCd>
		<VehTypeCd code="LT">LIGHT DUTY TRUCK</VehTypeCd>
		<VehTypeCd code="SB">SNOWMOBILE</VehTypeCd>
		<VehTypeCd code="FE">FARM EQUIPMENT</VehTypeCd>
		<VehTypeCd code="BT">BOAT</VehTypeCd>
		<VehTypeCd code="AT">ALL TERRAIN VEHICLE</VehTypeCd>
		<VehTypeCd code="TK">TRUCK</VehTypeCd>
		<VehTypeCd code="MP">MULTI PURPOSE</VehTypeCd>
		<VehTypeCd code="HD">HEAVY DUTY TRUCK</VehTypeCd>
		<VehTypeCd code="CE">CONSTRUCTION EQUIP.</VehTypeCd>
		<VehTypeCd code="PT">PART</VehTypeCd>
		<VehTypeCd code="TL">TRAILER</VehTypeCd>
	</VehTypeCds>
	<VehBodyTypeCds>
		<VehBodyTypeCd code="2D">2 DOOR AUTOMOBILE</VehBodyTypeCd>
		<VehBodyTypeCd code="2H">HATCHBACK-2DOOR</VehBodyTypeCd>
		<VehBodyTypeCd code="2T">HARDTOP-2DOOR</VehBodyTypeCd>
		<VehBodyTypeCd code="3H">HATCHBACK-3DOOR</VehBodyTypeCd>
		<VehBodyTypeCd code="4D">4 DOOR AUTOMOBILE</VehBodyTypeCd>
		<VehBodyTypeCd code="4H">HATCHBACK-4DOOR</VehBodyTypeCd>
		<VehBodyTypeCd code="4T">HARDTOP-4DOOR</VehBodyTypeCd>
		<VehBodyTypeCd code="5D">5 DOOR AUTOMOBILE</VehBodyTypeCd>
		<VehBodyTypeCd code="5H">HATCHBACK-5DOOR</VehBodyTypeCd>
		<VehBodyTypeCd code="AC">AUTO CARRIER</VehBodyTypeCd>
		<VehBodyTypeCd code="AD">ASPHALT DISTRIBUTOR</VehBodyTypeCd>
		<VehBodyTypeCd code="AE">AERIAL PLATFORM</VehBodyTypeCd>
		<VehBodyTypeCd code="AI">AIR COMPRESSOR</VehBodyTypeCd>
		<VehBodyTypeCd code="AM">AMBULANCE</VehBodyTypeCd>
		<VehBodyTypeCd code="AR">ARMORED TRUCK</VehBodyTypeCd>
		<VehBodyTypeCd code="BC">BRUSH CHIPPER</VehBodyTypeCd>
		<VehBodyTypeCd code="BD">BULLDOZER</VehBodyTypeCd>
		<VehBodyTypeCd code="BG">BUGGY, CONCRETE</VehBodyTypeCd>
		<VehBodyTypeCd code="BH">BACKHOE</VehBodyTypeCd>
		<VehBodyTypeCd code="BK">BACKHOE LOADER</VehBodyTypeCd>
		<VehBodyTypeCd code="BR">BEVERAGE RACK</VehBodyTypeCd>
		<VehBodyTypeCd code="BT">BOAT</VehBodyTypeCd>
		<VehBodyTypeCd code="BU">BUS</VehBodyTypeCd>
		<VehBodyTypeCd code="CB">CHASSIS AND CAB</VehBodyTypeCd>
		<VehBodyTypeCd code="CE">UNPUBLISHED STYLE OF CONST EQUIP</VehBodyTypeCd>
		<VehBodyTypeCd code="CG">CONVERTER GEAR</VehBodyTypeCd>
		<VehBodyTypeCd code="CH">COACH</VehBodyTypeCd>
		<VehBodyTypeCd code="CI">CORN PICKER</VehBodyTypeCd>
		<VehBodyTypeCd code="CK">COTTON PICKER</VehBodyTypeCd>
		<VehBodyTypeCd code="CM">CONCRETE MIXER</VehBodyTypeCd>
		<VehBodyTypeCd code="CO">COMBINE (GRAIN HARVESTER)</VehBodyTypeCd>
		<VehBodyTypeCd code="CP">COUPE</VehBodyTypeCd>
		<VehBodyTypeCd code="CR">CRANE</VehBodyTypeCd>
		<VehBodyTypeCd code="CT">CAMPING</VehBodyTypeCd>
		<VehBodyTypeCd code="CV">CONVERTIBLE</VehBodyTypeCd>
		<VehBodyTypeCd code="CZ">COTTON STRIPPER</VehBodyTypeCd>
		<VehBodyTypeCd code="DE">DE-TASSELING EQUIPMENT</VehBodyTypeCd>
		<VehBodyTypeCd code="DI">POTATO DIGGER</VehBodyTypeCd>
		<VehBodyTypeCd code="DP">DUMP</VehBodyTypeCd>
		<VehBodyTypeCd code="DR">DRILL, ROCK</VehBodyTypeCd>
		<VehBodyTypeCd code="DS">TRACTOR TRUCK-DIESEL</VehBodyTypeCd>
		<VehBodyTypeCd code="DY">AUXILLIARY DOLLY</VehBodyTypeCd>
		<VehBodyTypeCd code="EB">ENCLOSED BODY REMOVABLE ENCLOSURE</VehBodyTypeCd>
		<VehBodyTypeCd code="EN">ENCLOSED BODY NON-REMOVABLE ENCLOSURE</VehBodyTypeCd>
		<VehBodyTypeCd code="EX">EXCAVATOR</VehBodyTypeCd>
		<VehBodyTypeCd code="FB">FLATBED OR PLATFORM</VehBodyTypeCd>
		<VehBodyTypeCd code="FC">FLOTATION CHASSIS</VehBodyTypeCd>
		<VehBodyTypeCd code="FD">FIELD CHOPPER</VehBodyTypeCd>
		<VehBodyTypeCd code="FL">FORKLIFT</VehBodyTypeCd>
		<VehBodyTypeCd code="LL">CARRY-ALL</VehBodyTypeCd>
		<VehBodyTypeCd code="LM">LIMOUSINE</VehBodyTypeCd>
		<VehBodyTypeCd code="LP">POLE</VehBodyTypeCd>
		<VehBodyTypeCd code="LS">LIVESTOCK RACK</VehBodyTypeCd>
		<VehBodyTypeCd code="LW">LUNCH WAGON</VehBodyTypeCd>
		<VehBodyTypeCd code="MB">MOTORBIKE</VehBodyTypeCd>
		<VehBodyTypeCd code="MC">MOTORCYCLE</VehBodyTypeCd>
		<VehBodyTypeCd code="MD">MOPED</VehBodyTypeCd>
		<VehBodyTypeCd code="MF">UNPUBLISHED STYLE OF FARM EQUIP</VehBodyTypeCd>
		<VehBodyTypeCd code="MH">MOTORIZED HOME</VehBodyTypeCd>
		<VehBodyTypeCd code="MK">MINIBIKE</VehBodyTypeCd>
		<VehBodyTypeCd code="MO">MOWER RIDING OR GARDEN TRACTOR</VehBodyTypeCd>
		<VehBodyTypeCd code="MR">MOWER-CONDITIONER, GRASS, OR HAY</VehBodyTypeCd>
		<VehBodyTypeCd code="MS">MOTORSCOOTER</VehBodyTypeCd>
		<VehBodyTypeCd code="MT">MOTORCYCLE</VehBodyTypeCd>
		<VehBodyTypeCd code="MV">MULTI-WHEEL</VehBodyTypeCd>
		<VehBodyTypeCd code="MY">MINICYCLE</VehBodyTypeCd>
		<VehBodyTypeCd code="OB">OUTBOARD</VehBodyTypeCd>
		<VehBodyTypeCd code="OP">OPEN BODY</VehBodyTypeCd>
		<VehBodyTypeCd code="OT">OTHER</VehBodyTypeCd>
		<VehBodyTypeCd code="PK">PICKUP</VehBodyTypeCd>
		<VehBodyTypeCd code="PL">PALLET</VehBodyTypeCd>
		<VehBodyTypeCd code="PM">PICKUP WITH MOUNTED CAMPER</VehBodyTypeCd>
		<VehBodyTypeCd code="PR">PRIME MOVER</VehBodyTypeCd>
		<VehBodyTypeCd code="PV">PAVER</VehBodyTypeCd>
		<VehBodyTypeCd code="RD">ROADSTER</VehBodyTypeCd>
		<VehBodyTypeCd code="RF">REFRIGERATED VAN</VehBodyTypeCd>
		<VehBodyTypeCd code="RH">RETRACTABLE HARDTOP</VehBodyTypeCd>
		<VehBodyTypeCd code="RO">ROLLER</VehBodyTypeCd>
		<VehBodyTypeCd code="SC">SCRAPER</VehBodyTypeCd>
		<VehBodyTypeCd code="SD">SEDAN</VehBodyTypeCd>
		<VehBodyTypeCd code="SE">SEMI</VehBodyTypeCd>
		<VehBodyTypeCd code="SH">SHOVEL</VehBodyTypeCd>
		<VehBodyTypeCd code="SI">STRIPER</VehBodyTypeCd>
		<VehBodyTypeCd code="SM">SNOWMOBILE</VehBodyTypeCd>
		<VehBodyTypeCd code="SO">SNOWBLOWER</VehBodyTypeCd>
		<VehBodyTypeCd code="SS">SWEEPER</VehBodyTypeCd>
		<VehBodyTypeCd code="ST">STAKE OR RACK</VehBodyTypeCd>
		<VehBodyTypeCd code="SW">STATION WAGON</VehBodyTypeCd>
		<VehBodyTypeCd code="SY">SPRAYER</VehBodyTypeCd>
		<VehBodyTypeCd code="FR">FLATRACK</VehBodyTypeCd>
		<VehBodyTypeCd code="FS">FERTILIZER SPREADER</VehBodyTypeCd>
		<VehBodyTypeCd code="FT">FIRETRUCK</VehBodyTypeCd>
		<VehBodyTypeCd code="FW">FORWARD CONTROL</VehBodyTypeCd>
		<VehBodyTypeCd code="GA">WAGON</VehBodyTypeCd>
		<VehBodyTypeCd code="GD">GRADER</VehBodyTypeCd>
		<VehBodyTypeCd code="GE">GENERATOR</VehBodyTypeCd>
		<VehBodyTypeCd code="GG">GARBAGE OR REFUSE</VehBodyTypeCd>
		<VehBodyTypeCd code="GL">GLIDER</VehBodyTypeCd>
		<VehBodyTypeCd code="GN">GRAIN</VehBodyTypeCd>
		<VehBodyTypeCd code="GR">GLASSRACK</VehBodyTypeCd>
		<VehBodyTypeCd code="HB">HATCHBACK / FASTBACK</VehBodyTypeCd>
		<VehBodyTypeCd code="HD">HYDRAULIC DUMP</VehBodyTypeCd>
		<VehBodyTypeCd code="HE">HORSE</VehBodyTypeCd>
		<VehBodyTypeCd code="HL">HAYBALE LOADER</VehBodyTypeCd>
		<VehBodyTypeCd code="HM">HAMMER</VehBodyTypeCd>
		<VehBodyTypeCd code="HO">HOPPER</VehBodyTypeCd>
		<VehBodyTypeCd code="HR">HEARSE</VehBodyTypeCd>
		<VehBodyTypeCd code="HS">HOUSE</VehBodyTypeCd>
		<VehBodyTypeCd code="HT">HARDTOP</VehBodyTypeCd>
		<VehBodyTypeCd code="HV">HARVESTER</VehBodyTypeCd>
		<VehBodyTypeCd code="HY">HAY BALER</VehBodyTypeCd>
		<VehBodyTypeCd code="IN">INCOMPLETE VEHICLE</VehBodyTypeCd>
		<VehBodyTypeCd code="LB">LOWBOY OR LOWBED</VehBodyTypeCd>
		<VehBodyTypeCd code="LD">LOADER</VehBodyTypeCd>
		<VehBodyTypeCd code="LF">LIFT BOOM (PERSONNEL)</VehBodyTypeCd>
		<VehBodyTypeCd code="LK">LOG SKIDDER</VehBodyTypeCd>
		<VehBodyTypeCd code="SZ">SAW</VehBodyTypeCd>
		<VehBodyTypeCd code="TA">TREE HARVESTER (FELLER-BUNCHER)</VehBodyTypeCd>
		<VehBodyTypeCd code="TC">TRACTOR TRACK TYPE</VehBodyTypeCd>
		<VehBodyTypeCd code="TF">TRACTOR WHEEL TYPE</VehBodyTypeCd>
		<VehBodyTypeCd code="TH">TRENCHER</VehBodyTypeCd>
		<VehBodyTypeCd code="TL">TRAILER-GENERIC</VehBodyTypeCd>
		<VehBodyTypeCd code="TN">TANKER</VehBodyTypeCd>
		<VehBodyTypeCd code="TO">TOURING CAR</VehBodyTypeCd>
		<VehBodyTypeCd code="TR">TRACTOR TRUCK GASOLINE</VehBodyTypeCd>
		<VehBodyTypeCd code="TT">TOW TRUCK / WRECKER</VehBodyTypeCd>
		<VehBodyTypeCd code="UT">UTILITY</VehBodyTypeCd>
		<VehBodyTypeCd code="VA">VACUUM CLEANER PART</VehBodyTypeCd>
		<VehBodyTypeCd code="VC">VANCAMPER</VehBodyTypeCd>
		<VehBodyTypeCd code="VN">VAN</VehBodyTypeCd>
		<VehBodyTypeCd code="VT">VANETTE</VehBodyTypeCd>
		<VehBodyTypeCd code="WD">WELL DRILLERr</VehBodyTypeCd>
		<VehBodyTypeCd code="WE">WELDER</VehBodyTypeCd>
		<VehBodyTypeCd code="WN">WIND ROWER</VehBodyTypeCd>
	</VehBodyTypeCds>
	<VehDispositionCds>
		<VehDispositionCd code="N">NO COLLISION PAYMENT</VehDispositionCd>
		<VehDispositionCd code="D">DAMAGED</VehDispositionCd>
		<VehDispositionCd code="R">REPAIRED</VehDispositionCd>
		<VehDispositionCd code="S">TOTAL THEFT</VehDispositionCd>
		<VehDispositionCd code="T">TOTAL LOSS</VehDispositionCd>
		<VehDispositionCd code="O">OTHER</VehDispositionCd>
		<VehDispositionCd code="X">UNKNOWN</VehDispositionCd>
	</VehDispositionCds>
	<WaterUnitTypeCds>
		<WaterUnitTypeCd code="AI">AIRBOAT</WaterUnitTypeCd>
		<WaterUnitTypeCd code="CO">COMMERCIAL</WaterUnitTypeCd>
		<WaterUnitTypeCd code="CR">CRUISER</WaterUnitTypeCd>
		<WaterUnitTypeCd code="HS">HOUSEBOAT</WaterUnitTypeCd>
		<WaterUnitTypeCd code="HO">HOVERCRAFT</WaterUnitTypeCd>
		<WaterUnitTypeCd code="HY">HYDROFOIL</WaterUnitTypeCd>
		<WaterUnitTypeCd code="HR">HYDROPLANE</WaterUnitTypeCd>
		<WaterUnitTypeCd code="RU">RUNABOUT</WaterUnitTypeCd>
		<WaterUnitTypeCd code="SA">SAILBOAT</WaterUnitTypeCd>
		<WaterUnitTypeCd code="UT">UTILITY</WaterUnitTypeCd>
		<WaterUnitTypeCd code="YA">YACHT</WaterUnitTypeCd>
		<WaterUnitTypeCd code="YY">OTHER (JETSKI, CANOE, KAYAK, JOHNBOAT, ROWBOAT, ETC.)</WaterUnitTypeCd>
	</WaterUnitTypeCds>
	<Indicators>
		<Indicator code="Y">YES</Indicator>
		<Indicator code="N">NO</Indicator>
	</Indicators>
</ClaimsearchCodes>
