<?xml version="1.0"?>
<import xmlns="http://guidewire.com/cc/exim/import" version="p5.55.a10.159.174">
  <ServiceRequestMetricLimit public-id="cc:1">
    <Currency/>
    <CustomerServiceTier/>
    <DecimalRedValue>16.0000</DecimalRedValue>
    <DecimalTargetValue>8.0000</DecimalTargetValue>
    <DecimalYellowValue>8.0000</DecimalYellowValue>
    <LimitType>nooffset</LimitType>
    <MetricUnit>hours</MetricUnit>
    <ServiceCategory public-id="svc:aut"/>
    <ServiceRequestMetricType>SpecialistInitialResponseTimeServiceRequestMetric</ServiceRequestMetricType>
    <ServiceRequestTier/>
    <SpecialistService/>
  </ServiceRequestMetricLimit>
  <ServiceRequestMetricLimit public-id="cc:2">
    <Currency/>
    <CustomerServiceTier>platinum</CustomerServiceTier>
    <DecimalRedValue>8.0000</DecimalRedValue>
    <DecimalTargetValue>4.0000</DecimalTargetValue>
    <DecimalYellowValue>4.0000</DecimalYellowValue>
    <LimitType>nooffset</LimitType>
    <MetricUnit>hours</MetricUnit>
    <ServiceCategory public-id="svc:aut"/>
    <ServiceRequestMetricType>SpecialistInitialResponseTimeServiceRequestMetric</ServiceRequestMetricType>
    <ServiceRequestTier/>
    <SpecialistService/>
  </ServiceRequestMetricLimit>
  <ServiceRequestMetricLimit public-id="cc:3">
    <Currency/>
    <CustomerServiceTier/>
    <DecimalRedValue>5.0000</DecimalRedValue>
    <DecimalTargetValue>2.0000</DecimalTargetValue>
    <DecimalYellowValue>2.0000</DecimalYellowValue>
    <LimitType>nooffset</LimitType>
    <MetricUnit>days</MetricUnit>
    <ServiceCategory public-id="svc:pro"/>
    <ServiceRequestMetricType>SpecialistInitialResponseTimeServiceRequestMetric</ServiceRequestMetricType>
    <ServiceRequestTier/>
    <SpecialistService/>
  </ServiceRequestMetricLimit>
  <ServiceRequestMetricLimit public-id="cc:4">
    <Currency/>
    <CustomerServiceTier/>
    <DecimalRedValue>24.0000</DecimalRedValue>
    <DecimalTargetValue>24.0000</DecimalTargetValue>
    <DecimalYellowValue>12.0000</DecimalYellowValue>
    <LimitType>nooffset</LimitType>
    <MetricUnit>hours</MetricUnit>
    <ServiceCategory public-id="svc:hom"/>
    <ServiceRequestMetricType>SpecialistInitialResponseTimeServiceRequestMetric</ServiceRequestMetricType>
    <ServiceRequestTier/>
    <SpecialistService/>
  </ServiceRequestMetricLimit>
  <ServiceRequestMetricLimit public-id="cc:5">
    <Currency/>
    <CustomerServiceTier/>
    <DecimalRedValue>5.0000</DecimalRedValue>
    <DecimalTargetValue>2.0000</DecimalTargetValue>
    <DecimalYellowValue>2.0000</DecimalYellowValue>
    <LimitType>nooffset</LimitType>
    <MetricUnit>days</MetricUnit>
    <ServiceCategory public-id="svc:con"/>
    <ServiceRequestMetricType>SpecialistInitialResponseTimeServiceRequestMetric</ServiceRequestMetricType>
    <ServiceRequestTier/>
    <SpecialistService/>
  </ServiceRequestMetricLimit>
  <ServiceRequestMetricLimit public-id="cc:6">
    <Currency/>
    <CustomerServiceTier/>
    <DecimalRedValue>5.0000</DecimalRedValue>
    <DecimalTargetValue>2.0000</DecimalTargetValue>
    <DecimalYellowValue>2.0000</DecimalYellowValue>
    <LimitType>nooffset</LimitType>
    <MetricUnit>days</MetricUnit>
    <ServiceCategory public-id="svc:med"/>
    <ServiceRequestMetricType>SpecialistInitialResponseTimeServiceRequestMetric</ServiceRequestMetricType>
    <ServiceRequestTier/>
    <SpecialistService/>
  </ServiceRequestMetricLimit>
  <ServiceRequestMetricLimit public-id="cc:7">
    <Currency/>
    <CustomerServiceTier/>
    <DecimalRedValue>48.0000</DecimalRedValue>
    <DecimalTargetValue/>
    <DecimalYellowValue>24.0000</DecimalYellowValue>
    <LimitType>nooffset</LimitType>
    <MetricUnit>hours</MetricUnit>
    <ServiceCategory/>
    <ServiceRequestMetricType>SpecialistInitialResponseTimeServiceRequestMetric</ServiceRequestMetricType>
    <ServiceRequestTier/>
    <SpecialistService/>
  </ServiceRequestMetricLimit>
  <ServiceRequestMetricLimit public-id="cc:8">
    <Currency/>
    <CustomerServiceTier/>
    <DecimalRedValue>2.0000</DecimalRedValue>
    <DecimalTargetValue>0.0000</DecimalTargetValue>
    <DecimalYellowValue>1.0000</DecimalYellowValue>
    <LimitType>absoluteoffset</LimitType>
    <MetricUnit>days</MetricUnit>
    <ServiceCategory public-id="svc:aut"/>
    <ServiceRequestMetricType>QuoteTimelinessServiceRequestMetric</ServiceRequestMetricType>
    <ServiceRequestTier/>
    <SpecialistService/>
  </ServiceRequestMetricLimit>
  <ServiceRequestMetricLimit public-id="cc:9">
    <Currency/>
    <CustomerServiceTier>platinum</CustomerServiceTier>
    <DecimalRedValue>4.0000</DecimalRedValue>
    <DecimalTargetValue>0.0000</DecimalTargetValue>
    <DecimalYellowValue>2.0000</DecimalYellowValue>
    <LimitType>absoluteoffset</LimitType>
    <MetricUnit>hours</MetricUnit>
    <ServiceCategory public-id="svc:aut"/>
    <ServiceRequestMetricType>QuoteTimelinessServiceRequestMetric</ServiceRequestMetricType>
    <ServiceRequestTier/>
    <SpecialistService/>
  </ServiceRequestMetricLimit>
  <ServiceRequestMetricLimit public-id="cc:10">
    <Currency/>
    <CustomerServiceTier/>
    <DecimalRedValue>3.0000</DecimalRedValue>
    <DecimalTargetValue>0.0000</DecimalTargetValue>
    <DecimalYellowValue>2.0000</DecimalYellowValue>
    <LimitType>absoluteoffset</LimitType>
    <MetricUnit>days</MetricUnit>
    <ServiceCategory public-id="svc:pro"/>
    <ServiceRequestMetricType>QuoteTimelinessServiceRequestMetric</ServiceRequestMetricType>
    <ServiceRequestTier/>
    <SpecialistService/>
  </ServiceRequestMetricLimit>
  <ServiceRequestMetricLimit public-id="cc:11">
    <Currency/>
    <CustomerServiceTier>platinum</CustomerServiceTier>
    <DecimalRedValue>1.0000</DecimalRedValue>
    <DecimalTargetValue>0.0000</DecimalTargetValue>
    <DecimalYellowValue/>
    <LimitType>absoluteoffset</LimitType>
    <MetricUnit>days</MetricUnit>
    <ServiceCategory public-id="svc:pro"/>
    <ServiceRequestMetricType>QuoteTimelinessServiceRequestMetric</ServiceRequestMetricType>
    <ServiceRequestTier/>
    <SpecialistService/>
  </ServiceRequestMetricLimit>
  <ServiceRequestMetricLimit public-id="cc:12">
    <Currency/>
    <CustomerServiceTier/>
    <DecimalRedValue>3.0000</DecimalRedValue>
    <DecimalTargetValue>0.0000</DecimalTargetValue>
    <DecimalYellowValue>2.0000</DecimalYellowValue>
    <LimitType>absoluteoffset</LimitType>
    <MetricUnit>days</MetricUnit>
    <ServiceCategory public-id="svc:con"/>
    <ServiceRequestMetricType>QuoteTimelinessServiceRequestMetric</ServiceRequestMetricType>
    <ServiceRequestTier/>
    <SpecialistService/>
  </ServiceRequestMetricLimit>
  <ServiceRequestMetricLimit public-id="cc:13">
    <Currency/>
    <CustomerServiceTier>platinum</CustomerServiceTier>
    <DecimalRedValue>1.0000</DecimalRedValue>
    <DecimalTargetValue>0.0000</DecimalTargetValue>
    <DecimalYellowValue/>
    <LimitType>absoluteoffset</LimitType>
    <MetricUnit>days</MetricUnit>
    <ServiceCategory public-id="svc:con"/>
    <ServiceRequestMetricType>QuoteTimelinessServiceRequestMetric</ServiceRequestMetricType>
    <ServiceRequestTier/>
    <SpecialistService/>
  </ServiceRequestMetricLimit>
  <ServiceRequestMetricLimit public-id="cc:14">
    <Currency/>
    <CustomerServiceTier/>
    <DecimalRedValue>1.0000</DecimalRedValue>
    <DecimalTargetValue>0.0000</DecimalTargetValue>
    <DecimalYellowValue/>
    <LimitType>absoluteoffset</LimitType>
    <MetricUnit>days</MetricUnit>
    <ServiceCategory public-id="svc:acc"/>
    <ServiceRequestMetricType>QuoteTimelinessServiceRequestMetric</ServiceRequestMetricType>
    <ServiceRequestTier/>
    <SpecialistService/>
  </ServiceRequestMetricLimit>
  <ServiceRequestMetricLimit public-id="cc:15">
    <Currency/>
    <CustomerServiceTier/>
    <DecimalRedValue/>
    <DecimalTargetValue>0.0000</DecimalTargetValue>
    <DecimalYellowValue/>
    <LimitType>absoluteoffset</LimitType>
    <MetricUnit>days</MetricUnit>
    <ServiceCategory/>
    <ServiceRequestMetricType>QuoteTimelinessServiceRequestMetric</ServiceRequestMetricType>
    <ServiceRequestTier/>
    <SpecialistService/>
  </ServiceRequestMetricLimit>
  <ServiceRequestMetricLimit public-id="cc:16">
    <Currency/>
    <CustomerServiceTier/>
    <DecimalRedValue>3.0000</DecimalRedValue>
    <DecimalTargetValue>0.0000</DecimalTargetValue>
    <DecimalYellowValue>2.0000</DecimalYellowValue>
    <LimitType>absoluteoffset</LimitType>
    <MetricUnit>days</MetricUnit>
    <ServiceCategory public-id="svc:aut"/>
    <ServiceRequestMetricType>ServiceTimelinessServiceRequestMetric</ServiceRequestMetricType>
    <ServiceRequestTier>low</ServiceRequestTier>
    <SpecialistService/>
  </ServiceRequestMetricLimit>
  <ServiceRequestMetricLimit public-id="cc:17">
    <Currency/>
    <CustomerServiceTier>platinum</CustomerServiceTier>
    <DecimalRedValue>2.0000</DecimalRedValue>
    <DecimalTargetValue>0.0000</DecimalTargetValue>
    <DecimalYellowValue>1.0000</DecimalYellowValue>
    <LimitType>absoluteoffset</LimitType>
    <MetricUnit>days</MetricUnit>
    <ServiceCategory public-id="svc:aut"/>
    <ServiceRequestMetricType>ServiceTimelinessServiceRequestMetric</ServiceRequestMetricType>
    <ServiceRequestTier>low</ServiceRequestTier>
    <SpecialistService/>
  </ServiceRequestMetricLimit>
  <ServiceRequestMetricLimit public-id="cc:18">
    <Currency/>
    <CustomerServiceTier/>
    <DecimalRedValue>120.0000</DecimalRedValue>
    <DecimalTargetValue>100.0000</DecimalTargetValue>
    <DecimalYellowValue>110.0000</DecimalYellowValue>
    <LimitType>percentageoffset</LimitType>
    <MetricUnit>days</MetricUnit>
    <ServiceCategory public-id="svc:aut"/>
    <ServiceRequestMetricType>ServiceTimelinessServiceRequestMetric</ServiceRequestMetricType>
    <ServiceRequestTier>high</ServiceRequestTier>
    <SpecialistService/>
  </ServiceRequestMetricLimit>
  <ServiceRequestMetricLimit public-id="cc:19">
    <Currency/>
    <CustomerServiceTier>platinum</CustomerServiceTier>
    <DecimalRedValue>110.0000</DecimalRedValue>
    <DecimalTargetValue>100.0000</DecimalTargetValue>
    <DecimalYellowValue/>
    <LimitType>percentageoffset</LimitType>
    <MetricUnit>days</MetricUnit>
    <ServiceCategory public-id="svc:aut"/>
    <ServiceRequestMetricType>ServiceTimelinessServiceRequestMetric</ServiceRequestMetricType>
    <ServiceRequestTier>high</ServiceRequestTier>
    <SpecialistService/>
  </ServiceRequestMetricLimit>
  <ServiceRequestMetricLimit public-id="cc:20">
    <Currency/>
    <CustomerServiceTier/>
    <DecimalRedValue>2.0000</DecimalRedValue>
    <DecimalTargetValue>0.0000</DecimalTargetValue>
    <DecimalYellowValue>1.0000</DecimalYellowValue>
    <LimitType>absoluteoffset</LimitType>
    <MetricUnit>days</MetricUnit>
    <ServiceCategory public-id="svc:aut"/>
    <ServiceRequestMetricType>ServiceTimelinessServiceRequestMetric</ServiceRequestMetricType>
    <ServiceRequestTier/>
    <SpecialistService public-id="svc:aut_adj"/>
  </ServiceRequestMetricLimit>
  <ServiceRequestMetricLimit public-id="cc:21">
    <Currency/>
    <CustomerServiceTier/>
    <DecimalRedValue>1.0000</DecimalRedValue>
    <DecimalTargetValue>0.0000</DecimalTargetValue>
    <DecimalYellowValue/>
    <LimitType>absoluteoffset</LimitType>
    <MetricUnit>days</MetricUnit>
    <ServiceCategory public-id="svc:aut"/>
    <ServiceRequestMetricType>ServiceTimelinessServiceRequestMetric</ServiceRequestMetricType>
    <ServiceRequestTier/>
    <SpecialistService public-id="svc:aut_oth_ren"/>
  </ServiceRequestMetricLimit>
  <ServiceRequestMetricLimit public-id="cc:22">
    <Currency/>
    <CustomerServiceTier/>
    <DecimalRedValue>1.0000</DecimalRedValue>
    <DecimalTargetValue>0.0000</DecimalTargetValue>
    <DecimalYellowValue/>
    <LimitType>absoluteoffset</LimitType>
    <MetricUnit>days</MetricUnit>
    <ServiceCategory public-id="svc:aut"/>
    <ServiceRequestMetricType>ServiceTimelinessServiceRequestMetric</ServiceRequestMetricType>
    <ServiceRequestTier/>
    <SpecialistService public-id="svc:aut_oth_cou"/>
  </ServiceRequestMetricLimit>
  <ServiceRequestMetricLimit public-id="cc:23">
    <Currency/>
    <CustomerServiceTier/>
    <DecimalRedValue>4.0000</DecimalRedValue>
    <DecimalTargetValue>0.0000</DecimalTargetValue>
    <DecimalYellowValue/>
    <LimitType>absoluteoffset</LimitType>
    <MetricUnit>hours</MetricUnit>
    <ServiceCategory public-id="svc:aut"/>
    <ServiceRequestMetricType>ServiceTimelinessServiceRequestMetric</ServiceRequestMetricType>
    <ServiceRequestTier/>
    <SpecialistService public-id="svc:aut_oth_roa"/>
  </ServiceRequestMetricLimit>
  <ServiceRequestMetricLimit public-id="cc:24">
    <Currency/>
    <CustomerServiceTier/>
    <DecimalRedValue>1.0000</DecimalRedValue>
    <DecimalTargetValue>0.0000</DecimalTargetValue>
    <DecimalYellowValue/>
    <LimitType>absoluteoffset</LimitType>
    <MetricUnit>days</MetricUnit>
    <ServiceCategory public-id="svc:aut"/>
    <ServiceRequestMetricType>ServiceTimelinessServiceRequestMetric</ServiceRequestMetricType>
    <ServiceRequestTier/>
    <SpecialistService public-id="svc:aut_oth_sal"/>
  </ServiceRequestMetricLimit>
  <ServiceRequestMetricLimit public-id="cc:25">
    <Currency/>
    <CustomerServiceTier/>
    <DecimalRedValue>4.0000</DecimalRedValue>
    <DecimalTargetValue>0.0000</DecimalTargetValue>
    <DecimalYellowValue/>
    <LimitType>absoluteoffset</LimitType>
    <MetricUnit>hours</MetricUnit>
    <ServiceCategory public-id="svc:aut"/>
    <ServiceRequestMetricType>ServiceTimelinessServiceRequestMetric</ServiceRequestMetricType>
    <ServiceRequestTier/>
    <SpecialistService public-id="svc:aut_oth_tow"/>
  </ServiceRequestMetricLimit>
  <ServiceRequestMetricLimit public-id="cc:26">
    <Currency/>
    <CustomerServiceTier/>
    <DecimalRedValue>1.0000</DecimalRedValue>
    <DecimalTargetValue>0.0000</DecimalTargetValue>
    <DecimalYellowValue/>
    <LimitType>absoluteoffset</LimitType>
    <MetricUnit>days</MetricUnit>
    <ServiceCategory public-id="svc:aut"/>
    <ServiceRequestMetricType>ServiceTimelinessServiceRequestMetric</ServiceRequestMetricType>
    <ServiceRequestTier/>
    <SpecialistService public-id="svc:aut_ins_gla"/>
  </ServiceRequestMetricLimit>
  <ServiceRequestMetricLimit public-id="cc:27">
    <Currency/>
    <CustomerServiceTier/>
    <DecimalRedValue>3.0000</DecimalRedValue>
    <DecimalTargetValue>0.0000</DecimalTargetValue>
    <DecimalYellowValue>2.0000</DecimalYellowValue>
    <LimitType>absoluteoffset</LimitType>
    <MetricUnit>days</MetricUnit>
    <ServiceCategory public-id="svc:pro"/>
    <ServiceRequestMetricType>ServiceTimelinessServiceRequestMetric</ServiceRequestMetricType>
    <ServiceRequestTier>low</ServiceRequestTier>
    <SpecialistService/>
  </ServiceRequestMetricLimit>
  <ServiceRequestMetricLimit public-id="cc:28">
    <Currency/>
    <CustomerServiceTier>platinum</CustomerServiceTier>
    <DecimalRedValue>2.0000</DecimalRedValue>
    <DecimalTargetValue>0.0000</DecimalTargetValue>
    <DecimalYellowValue>1.0000</DecimalYellowValue>
    <LimitType>absoluteoffset</LimitType>
    <MetricUnit>days</MetricUnit>
    <ServiceCategory public-id="svc:pro"/>
    <ServiceRequestMetricType>ServiceTimelinessServiceRequestMetric</ServiceRequestMetricType>
    <ServiceRequestTier>low</ServiceRequestTier>
    <SpecialistService/>
  </ServiceRequestMetricLimit>
  <ServiceRequestMetricLimit public-id="cc:29">
    <Currency/>
    <CustomerServiceTier/>
    <DecimalRedValue>120.0000</DecimalRedValue>
    <DecimalTargetValue>100.0000</DecimalTargetValue>
    <DecimalYellowValue>110.0000</DecimalYellowValue>
    <LimitType>percentageoffset</LimitType>
    <MetricUnit>days</MetricUnit>
    <ServiceCategory public-id="svc:pro"/>
    <ServiceRequestMetricType>ServiceTimelinessServiceRequestMetric</ServiceRequestMetricType>
    <ServiceRequestTier>high</ServiceRequestTier>
    <SpecialistService/>
  </ServiceRequestMetricLimit>
  <ServiceRequestMetricLimit public-id="cc:30">
    <Currency/>
    <CustomerServiceTier>platinum</CustomerServiceTier>
    <DecimalRedValue>110.0000</DecimalRedValue>
    <DecimalTargetValue>100.0000</DecimalTargetValue>
    <DecimalYellowValue/>
    <LimitType>percentageoffset</LimitType>
    <MetricUnit>days</MetricUnit>
    <ServiceCategory public-id="svc:pro"/>
    <ServiceRequestMetricType>ServiceTimelinessServiceRequestMetric</ServiceRequestMetricType>
    <ServiceRequestTier>high</ServiceRequestTier>
    <SpecialistService/>
  </ServiceRequestMetricLimit>
  <ServiceRequestMetricLimit public-id="cc:31">
    <Currency/>
    <CustomerServiceTier/>
    <DecimalRedValue>8.0000</DecimalRedValue>
    <DecimalTargetValue>0.0000</DecimalTargetValue>
    <DecimalYellowValue>4.0000</DecimalYellowValue>
    <LimitType>absoluteoffset</LimitType>
    <MetricUnit>hours</MetricUnit>
    <ServiceCategory public-id="svc:hom"/>
    <ServiceRequestMetricType>ServiceTimelinessServiceRequestMetric</ServiceRequestMetricType>
    <ServiceRequestTier/>
    <SpecialistService/>
  </ServiceRequestMetricLimit>
  <ServiceRequestMetricLimit public-id="cc:32">
    <Currency/>
    <CustomerServiceTier>platinum</CustomerServiceTier>
    <DecimalRedValue>4.0000</DecimalRedValue>
    <DecimalTargetValue>0.0000</DecimalTargetValue>
    <DecimalYellowValue>2.0000</DecimalYellowValue>
    <LimitType>absoluteoffset</LimitType>
    <MetricUnit>hours</MetricUnit>
    <ServiceCategory public-id="svc:hom"/>
    <ServiceRequestMetricType>ServiceTimelinessServiceRequestMetric</ServiceRequestMetricType>
    <ServiceRequestTier/>
    <SpecialistService/>
  </ServiceRequestMetricLimit>
  <ServiceRequestMetricLimit public-id="cc:33">
    <Currency/>
    <CustomerServiceTier/>
    <DecimalRedValue>3.0000</DecimalRedValue>
    <DecimalTargetValue>0.0000</DecimalTargetValue>
    <DecimalYellowValue>2.0000</DecimalYellowValue>
    <LimitType>absoluteoffset</LimitType>
    <MetricUnit>days</MetricUnit>
    <ServiceCategory public-id="svc:con"/>
    <ServiceRequestMetricType>ServiceTimelinessServiceRequestMetric</ServiceRequestMetricType>
    <ServiceRequestTier/>
    <SpecialistService/>
  </ServiceRequestMetricLimit>
  <ServiceRequestMetricLimit public-id="cc:34">
    <Currency/>
    <CustomerServiceTier>platinum</CustomerServiceTier>
    <DecimalRedValue>1.0000</DecimalRedValue>
    <DecimalTargetValue>0.0000</DecimalTargetValue>
    <DecimalYellowValue/>
    <LimitType>absoluteoffset</LimitType>
    <MetricUnit>days</MetricUnit>
    <ServiceCategory public-id="svc:con"/>
    <ServiceRequestMetricType>ServiceTimelinessServiceRequestMetric</ServiceRequestMetricType>
    <ServiceRequestTier/>
    <SpecialistService/>
  </ServiceRequestMetricLimit>
  <ServiceRequestMetricLimit public-id="cc:35">
    <Currency/>
    <CustomerServiceTier/>
    <DecimalRedValue>1.0000</DecimalRedValue>
    <DecimalTargetValue>0.0000</DecimalTargetValue>
    <DecimalYellowValue/>
    <LimitType>absoluteoffset</LimitType>
    <MetricUnit>days</MetricUnit>
    <ServiceCategory public-id="svc:med"/>
    <ServiceRequestMetricType>ServiceTimelinessServiceRequestMetric</ServiceRequestMetricType>
    <ServiceRequestTier/>
    <SpecialistService/>
  </ServiceRequestMetricLimit>
  <ServiceRequestMetricLimit public-id="cc:36">
    <Currency/>
    <CustomerServiceTier/>
    <DecimalRedValue/>
    <DecimalTargetValue>0.0000</DecimalTargetValue>
    <DecimalYellowValue/>
    <LimitType>absoluteoffset</LimitType>
    <MetricUnit>days</MetricUnit>
    <ServiceCategory/>
    <ServiceRequestMetricType>ServiceTimelinessServiceRequestMetric</ServiceRequestMetricType>
    <ServiceRequestTier/>
    <SpecialistService/>
  </ServiceRequestMetricLimit>
  <ServiceRequestMetricLimit public-id="cc:37">
    <Currency/>
    <CustomerServiceTier/>
    <DecimalRedValue>200.0000</DecimalRedValue>
    <DecimalTargetValue>0.0000</DecimalTargetValue>
    <DecimalYellowValue>100.0000</DecimalYellowValue>
    <LimitType>absoluteoffset</LimitType>
    <MetricUnit>percent</MetricUnit>
    <ServiceCategory/>
    <ServiceRequestMetricType>InvoiceVarianceVsQuoteServiceRequestMetric</ServiceRequestMetricType>
    <ServiceRequestTier/>
    <SpecialistService/>
  </ServiceRequestMetricLimit>
  <ServiceRequestMetricLimit public-id="cc:38">
    <Currency/>
    <CustomerServiceTier/>
    <DecimalRedValue>150.0000</DecimalRedValue>
    <DecimalTargetValue>0.0000</DecimalTargetValue>
    <DecimalYellowValue>100.0000</DecimalYellowValue>
    <LimitType>absoluteoffset</LimitType>
    <MetricUnit>percent</MetricUnit>
    <ServiceCategory public-id="svc:aut"/>
    <ServiceRequestMetricType>InvoiceVarianceVsQuoteServiceRequestMetric</ServiceRequestMetricType>
    <ServiceRequestTier/>
    <SpecialistService/>
  </ServiceRequestMetricLimit>
  <ServiceRequestMetricLimit public-id="cc:39">
    <Currency/>
    <CustomerServiceTier/>
    <DecimalRedValue>20.0000</DecimalRedValue>
    <DecimalTargetValue>0.0000</DecimalTargetValue>
    <DecimalYellowValue>10.0000</DecimalYellowValue>
    <LimitType>nooffset</LimitType>
    <MetricUnit>percent</MetricUnit>
    <ServiceCategory public-id="svc:pro"/>
    <ServiceRequestMetricType>InvoiceVarianceVsQuoteServiceRequestMetric</ServiceRequestMetricType>
    <ServiceRequestTier/>
    <SpecialistService/>
  </ServiceRequestMetricLimit>
  <ServiceRequestMetricLimit public-id="cc:43">
    <Currency/>
    <CustomerServiceTier/>
    <DecimalRedValue>2.0000</DecimalRedValue>
    <DecimalTargetValue>0.0000</DecimalTargetValue>
    <DecimalYellowValue>1.0000</DecimalYellowValue>
    <LimitType>nooffset</LimitType>
    <MetricUnit>numeric</MetricUnit>
    <ServiceCategory/>
    <ServiceRequestMetricType>NumberOfDelaysServiceRequestMetric</ServiceRequestMetricType>
    <ServiceRequestTier/>
    <SpecialistService/>
  </ServiceRequestMetricLimit>
  <ServiceRequestMetricLimit public-id="cc:40">
    <Currency/>
    <CustomerServiceTier/>
    <DecimalRedValue/>
    <DecimalTargetValue/>
    <DecimalYellowValue/>
    <LimitType>nooffset</LimitType>
    <MetricUnit>days</MetricUnit>
    <ServiceCategory/>
    <ServiceRequestMetricType>ServiceCycleTimeServiceRequestMetric</ServiceRequestMetricType>
    <ServiceRequestTier/>
    <SpecialistService/>
  </ServiceRequestMetricLimit>
  <ServiceRequestMetricLimit public-id="cc:41">
    <Currency/>
    <CustomerServiceTier/>
    <DecimalRedValue/>
    <DecimalTargetValue/>
    <DecimalYellowValue/>
    <LimitType>nooffset</LimitType>
    <MetricUnit>hours</MetricUnit>
    <ServiceCategory public-id="svc:aut"/>
    <ServiceRequestMetricType>ServiceCycleTimeServiceRequestMetric</ServiceRequestMetricType>
    <ServiceRequestTier/>
    <SpecialistService/>
  </ServiceRequestMetricLimit>
  <ServiceRequestMetricLimit public-id="cc:42">
    <Currency/>
    <CustomerServiceTier/>
    <DecimalRedValue/>
    <DecimalTargetValue/>
    <DecimalYellowValue/>
    <LimitType>nooffset</LimitType>
    <MetricUnit>days</MetricUnit>
    <ServiceCategory public-id="svc:pro"/>
    <ServiceRequestMetricType>ServiceCycleTimeServiceRequestMetric</ServiceRequestMetricType>
    <ServiceRequestTier/>
    <SpecialistService/>
  </ServiceRequestMetricLimit>
</import>