<?xml version="1.0"?>
<import>
  <SpecialistServiceCompatibleServiceRequestKind public-id="cc:1">
    <Kind>quoteandservice</Kind>
    <Service public-id="svc:pro_eme_deb"/>
  </SpecialistServiceCompatibleServiceRequestKind>
  <SpecialistServiceCompatibleServiceRequestKind public-id="cc:2">
    <Kind>quoteonly</Kind>
    <Service public-id="svc:pro_eme_deb"/>
  </SpecialistServiceCompatibleServiceRequestKind>
  <SpecialistServiceCompatibleServiceRequestKind public-id="cc:3">
    <Kind>quoteandservice</Kind>
    <Service public-id="svc:pro_con_wal"/>
  </SpecialistServiceCompatibleServiceRequestKind>
  <SpecialistServiceCompatibleServiceRequestKind public-id="cc:4">
    <Kind>quoteonly</Kind>
    <Service public-id="svc:pro_con_wal"/>
  </SpecialistServiceCompatibleServiceRequestKind>
  <SpecialistServiceCompatibleServiceRequestKind public-id="cc:5">
    <Kind>quoteonly</Kind>
    <Service public-id="svc:con_ins_ind"/>
  </SpecialistServiceCompatibleServiceRequestKind>
  <SpecialistServiceCompatibleServiceRequestKind public-id="cc:6">
    <Kind>serviceonly</Kind>
    <Service public-id="svc:aut_oth_sal"/>
  </SpecialistServiceCompatibleServiceRequestKind>
  <SpecialistServiceCompatibleServiceRequestKind public-id="cc:7">
    <Kind>quoteandservice</Kind>
    <Service public-id="svc:pro_con_arb"/>
  </SpecialistServiceCompatibleServiceRequestKind>
  <SpecialistServiceCompatibleServiceRequestKind public-id="cc:8">
    <Kind>quoteonly</Kind>
    <Service public-id="svc:pro_con_arb"/>
  </SpecialistServiceCompatibleServiceRequestKind>
  <SpecialistServiceCompatibleServiceRequestKind public-id="cc:9">
    <Kind>quoteandservice</Kind>
    <Service public-id="svc:con_rep_kit"/>
  </SpecialistServiceCompatibleServiceRequestKind>
  <SpecialistServiceCompatibleServiceRequestKind public-id="cc:10">
    <Kind>quoteonly</Kind>
    <Service public-id="svc:con_rep_kit"/>
  </SpecialistServiceCompatibleServiceRequestKind>
  <SpecialistServiceCompatibleServiceRequestKind public-id="cc:11">
    <Kind>quoteandservice</Kind>
    <Service public-id="svc:pro_con_pai"/>
  </SpecialistServiceCompatibleServiceRequestKind>
  <SpecialistServiceCompatibleServiceRequestKind public-id="cc:12">
    <Kind>quoteonly</Kind>
    <Service public-id="svc:pro_con_pai"/>
  </SpecialistServiceCompatibleServiceRequestKind>
  <SpecialistServiceCompatibleServiceRequestKind public-id="cc:13">
    <Kind>quoteandservice</Kind>
    <Service public-id="svc:con_rep_ele"/>
  </SpecialistServiceCompatibleServiceRequestKind>
  <SpecialistServiceCompatibleServiceRequestKind public-id="cc:14">
    <Kind>quoteonly</Kind>
    <Service public-id="svc:con_rep_ele"/>
  </SpecialistServiceCompatibleServiceRequestKind>
  <SpecialistServiceCompatibleServiceRequestKind public-id="cc:15">
    <Kind>quoteandservice</Kind>
    <Service public-id="svc:pro_con_boi"/>
  </SpecialistServiceCompatibleServiceRequestKind>
  <SpecialistServiceCompatibleServiceRequestKind public-id="cc:16">
    <Kind>quoteonly</Kind>
    <Service public-id="svc:pro_con_boi"/>
  </SpecialistServiceCompatibleServiceRequestKind>
  <SpecialistServiceCompatibleServiceRequestKind public-id="cc:17">
    <Kind>serviceonly</Kind>
    <Service public-id="svc:aut_adj"/>
  </SpecialistServiceCompatibleServiceRequestKind>
  <SpecialistServiceCompatibleServiceRequestKind public-id="cc:18">
    <Kind>quoteandservice</Kind>
    <Service public-id="svc:con_rpl_kit"/>
  </SpecialistServiceCompatibleServiceRequestKind>
  <SpecialistServiceCompatibleServiceRequestKind public-id="cc:19">
    <Kind>quoteonly</Kind>
    <Service public-id="svc:con_rpl_kit"/>
  </SpecialistServiceCompatibleServiceRequestKind>
  <SpecialistServiceCompatibleServiceRequestKind public-id="cc:20">
    <Kind>serviceonly</Kind>
    <Service public-id="svc:aut_ins_gla"/>
  </SpecialistServiceCompatibleServiceRequestKind>
  <SpecialistServiceCompatibleServiceRequestKind public-id="cc:21">
    <Kind>quoteandservice</Kind>
    <Service public-id="svc:pro_con_plu"/>
  </SpecialistServiceCompatibleServiceRequestKind>
  <SpecialistServiceCompatibleServiceRequestKind public-id="cc:22">
    <Kind>quoteonly</Kind>
    <Service public-id="svc:pro_con_plu"/>
  </SpecialistServiceCompatibleServiceRequestKind>
  <SpecialistServiceCompatibleServiceRequestKind public-id="cc:23">
    <Kind>quoteonly</Kind>
    <Service public-id="svc:pro_ins_ind"/>
  </SpecialistServiceCompatibleServiceRequestKind>
  <SpecialistServiceCompatibleServiceRequestKind public-id="cc:24">
    <Kind>quoteandservice</Kind>
    <Service public-id="svc:con_rpl_gar"/>
  </SpecialistServiceCompatibleServiceRequestKind>
  <SpecialistServiceCompatibleServiceRequestKind public-id="cc:25">
    <Kind>quoteonly</Kind>
    <Service public-id="svc:con_rpl_gar"/>
  </SpecialistServiceCompatibleServiceRequestKind>
  <SpecialistServiceCompatibleServiceRequestKind public-id="cc:26">
    <Kind>quoteandservice</Kind>
    <Service public-id="svc:pro_con_flo"/>
  </SpecialistServiceCompatibleServiceRequestKind>
  <SpecialistServiceCompatibleServiceRequestKind public-id="cc:27">
    <Kind>quoteonly</Kind>
    <Service public-id="svc:pro_con_flo"/>
  </SpecialistServiceCompatibleServiceRequestKind>
  <SpecialistServiceCompatibleServiceRequestKind public-id="cc:28">
    <Kind>quoteonly</Kind>
    <Service public-id="svc:aut_app"/>
  </SpecialistServiceCompatibleServiceRequestKind>
  <SpecialistServiceCompatibleServiceRequestKind public-id="cc:29">
    <Kind>quoteandservice</Kind>
    <Service public-id="svc:aut_ins_bod"/>
  </SpecialistServiceCompatibleServiceRequestKind>
  <SpecialistServiceCompatibleServiceRequestKind public-id="cc:30">
    <Kind>quoteonly</Kind>
    <Service public-id="svc:aut_ins_bod"/>
  </SpecialistServiceCompatibleServiceRequestKind>
  <SpecialistServiceCompatibleServiceRequestKind public-id="cc:31">
    <Kind>unmanaged</Kind>
    <Service public-id="svc:aut_ins_bod"/>
  </SpecialistServiceCompatibleServiceRequestKind>
  <SpecialistServiceCompatibleServiceRequestKind public-id="cc:32">
    <Kind>serviceonly</Kind>
    <Service public-id="svc:pro_ins_adj"/>
  </SpecialistServiceCompatibleServiceRequestKind>
  <SpecialistServiceCompatibleServiceRequestKind public-id="cc:33">
    <Kind>serviceonly</Kind>
    <Service public-id="svc:hom_eme_mak"/>
  </SpecialistServiceCompatibleServiceRequestKind>
  <SpecialistServiceCompatibleServiceRequestKind public-id="cc:34">
    <Kind>quoteandservice</Kind>
    <Service public-id="svc:con_rpl_com"/>
  </SpecialistServiceCompatibleServiceRequestKind>
  <SpecialistServiceCompatibleServiceRequestKind public-id="cc:35">
    <Kind>quoteonly</Kind>
    <Service public-id="svc:con_rpl_com"/>
  </SpecialistServiceCompatibleServiceRequestKind>
  <SpecialistServiceCompatibleServiceRequestKind public-id="cc:36">
    <Kind>quoteandservice</Kind>
    <Service public-id="svc:aut_ins_aud"/>
  </SpecialistServiceCompatibleServiceRequestKind>
  <SpecialistServiceCompatibleServiceRequestKind public-id="cc:37">
    <Kind>quoteonly</Kind>
    <Service public-id="svc:aut_ins_aud"/>
  </SpecialistServiceCompatibleServiceRequestKind>
  <SpecialistServiceCompatibleServiceRequestKind public-id="cc:38">
    <Kind>quoteandservice</Kind>
    <Service public-id="svc:pro_eme_mak"/>
  </SpecialistServiceCompatibleServiceRequestKind>
  <SpecialistServiceCompatibleServiceRequestKind public-id="cc:39">
    <Kind>serviceonly</Kind>
    <Service public-id="svc:pro_eme_mak"/>
  </SpecialistServiceCompatibleServiceRequestKind>
  <SpecialistServiceCompatibleServiceRequestKind public-id="cc:40">
    <Kind>serviceonly</Kind>
    <Service public-id="svc:aut_oth_roa"/>
  </SpecialistServiceCompatibleServiceRequestKind>
  <SpecialistServiceCompatibleServiceRequestKind public-id="cc:41">
    <Kind>quoteandservice</Kind>
    <Service public-id="svc:acc_alt"/>
  </SpecialistServiceCompatibleServiceRequestKind>
  <SpecialistServiceCompatibleServiceRequestKind public-id="cc:42">
    <Kind>quoteonly</Kind>
    <Service public-id="svc:acc_alt"/>
  </SpecialistServiceCompatibleServiceRequestKind>
  <SpecialistServiceCompatibleServiceRequestKind public-id="cc:43">
    <Kind>quoteonly</Kind>
    <Service public-id="svc:pro_ins_app"/>
  </SpecialistServiceCompatibleServiceRequestKind>
  <SpecialistServiceCompatibleServiceRequestKind public-id="cc:44">
    <Kind>quoteandservice</Kind>
    <Service public-id="svc:pro_con_ele"/>
  </SpecialistServiceCompatibleServiceRequestKind>
  <SpecialistServiceCompatibleServiceRequestKind public-id="cc:45">
    <Kind>quoteonly</Kind>
    <Service public-id="svc:pro_con_ele"/>
  </SpecialistServiceCompatibleServiceRequestKind>
  <SpecialistServiceCompatibleServiceRequestKind public-id="cc:46">
    <Kind>quoteandservice</Kind>
    <Service public-id="svc:pro_con_dry"/>
  </SpecialistServiceCompatibleServiceRequestKind>
  <SpecialistServiceCompatibleServiceRequestKind public-id="cc:47">
    <Kind>quoteonly</Kind>
    <Service public-id="svc:pro_con_dry"/>
  </SpecialistServiceCompatibleServiceRequestKind>
  <SpecialistServiceCompatibleServiceRequestKind public-id="cc:48">
    <Kind>quoteandservice</Kind>
    <Service public-id="svc:pro_con_win"/>
  </SpecialistServiceCompatibleServiceRequestKind>
  <SpecialistServiceCompatibleServiceRequestKind public-id="cc:49">
    <Kind>quoteonly</Kind>
    <Service public-id="svc:pro_con_win"/>
  </SpecialistServiceCompatibleServiceRequestKind>
  <SpecialistServiceCompatibleServiceRequestKind public-id="cc:50">
    <Kind>quoteandservice</Kind>
    <Service public-id="svc:pro_con_fen"/>
  </SpecialistServiceCompatibleServiceRequestKind>
  <SpecialistServiceCompatibleServiceRequestKind public-id="cc:51">
    <Kind>quoteonly</Kind>
    <Service public-id="svc:pro_con_fen"/>
  </SpecialistServiceCompatibleServiceRequestKind>
  <SpecialistServiceCompatibleServiceRequestKind public-id="cc:52">
    <Kind>serviceonly</Kind>
    <Service public-id="svc:aut_oth_ren"/>
  </SpecialistServiceCompatibleServiceRequestKind>
  <SpecialistServiceCompatibleServiceRequestKind public-id="cc:53">
    <Kind>quoteandservice</Kind>
    <Service public-id="svc:pro_con_loc"/>
  </SpecialistServiceCompatibleServiceRequestKind>
  <SpecialistServiceCompatibleServiceRequestKind public-id="cc:54">
    <Kind>quoteonly</Kind>
    <Service public-id="svc:pro_con_loc"/>
  </SpecialistServiceCompatibleServiceRequestKind>
  <SpecialistServiceCompatibleServiceRequestKind public-id="cc:55">
    <Kind>quoteandservice</Kind>
    <Service public-id="svc:con_rep_com"/>
  </SpecialistServiceCompatibleServiceRequestKind>
  <SpecialistServiceCompatibleServiceRequestKind public-id="cc:56">
    <Kind>quoteonly</Kind>
    <Service public-id="svc:con_rep_com"/>
  </SpecialistServiceCompatibleServiceRequestKind>
  <SpecialistServiceCompatibleServiceRequestKind public-id="cc:57">
    <Kind>quoteandservice</Kind>
    <Service public-id="svc:aut_oth_tow"/>
  </SpecialistServiceCompatibleServiceRequestKind>
  <SpecialistServiceCompatibleServiceRequestKind public-id="cc:58">
    <Kind>serviceonly</Kind>
    <Service public-id="svc:aut_oth_tow"/>
  </SpecialistServiceCompatibleServiceRequestKind>
  <SpecialistServiceCompatibleServiceRequestKind public-id="cc:59">
    <Kind>unmanaged</Kind>
    <Service public-id="svc:aut_oth_tow"/>
  </SpecialistServiceCompatibleServiceRequestKind>
  <SpecialistServiceCompatibleServiceRequestKind public-id="cc:60">
    <Kind>serviceonly</Kind>
    <Service public-id="svc:med_ass"/>
  </SpecialistServiceCompatibleServiceRequestKind>
  <SpecialistServiceCompatibleServiceRequestKind public-id="cc:61">
    <Kind>quoteandservice</Kind>
    <Service public-id="svc:con_rpl_aud"/>
  </SpecialistServiceCompatibleServiceRequestKind>
  <SpecialistServiceCompatibleServiceRequestKind public-id="cc:62">
    <Kind>quoteonly</Kind>
    <Service public-id="svc:con_rpl_aud"/>
  </SpecialistServiceCompatibleServiceRequestKind>
  <SpecialistServiceCompatibleServiceRequestKind public-id="cc:63">
    <Kind>quoteandservice</Kind>
    <Service public-id="svc:con_rep_fur"/>
  </SpecialistServiceCompatibleServiceRequestKind>
  <SpecialistServiceCompatibleServiceRequestKind public-id="cc:64">
    <Kind>quoteonly</Kind>
    <Service public-id="svc:con_rep_fur"/>
  </SpecialistServiceCompatibleServiceRequestKind>
  <SpecialistServiceCompatibleServiceRequestKind public-id="cc:65">
    <Kind>quoteandservice</Kind>
    <Service public-id="svc:con_rep_gar"/>
  </SpecialistServiceCompatibleServiceRequestKind>
  <SpecialistServiceCompatibleServiceRequestKind public-id="cc:66">
    <Kind>quoteonly</Kind>
    <Service public-id="svc:con_rep_gar"/>
  </SpecialistServiceCompatibleServiceRequestKind>
  <SpecialistServiceCompatibleServiceRequestKind public-id="cc:67">
    <Kind>quoteandservice</Kind>
    <Service public-id="svc:pro_con_roo"/>
  </SpecialistServiceCompatibleServiceRequestKind>
  <SpecialistServiceCompatibleServiceRequestKind public-id="cc:68">
    <Kind>quoteonly</Kind>
    <Service public-id="svc:pro_con_roo"/>
  </SpecialistServiceCompatibleServiceRequestKind>
  <SpecialistServiceCompatibleServiceRequestKind public-id="cc:69">
    <Kind>quoteandservice</Kind>
    <Service public-id="svc:con_rpl_fur"/>
  </SpecialistServiceCompatibleServiceRequestKind>
  <SpecialistServiceCompatibleServiceRequestKind public-id="cc:70">
    <Kind>quoteonly</Kind>
    <Service public-id="svc:con_rpl_fur"/>
  </SpecialistServiceCompatibleServiceRequestKind>
  <SpecialistServiceCompatibleServiceRequestKind public-id="cc:71">
    <Kind>quoteandservice</Kind>
    <Service public-id="svc:pro_con_pla"/>
  </SpecialistServiceCompatibleServiceRequestKind>
  <SpecialistServiceCompatibleServiceRequestKind public-id="cc:72">
    <Kind>quoteonly</Kind>
    <Service public-id="svc:pro_con_pla"/>
  </SpecialistServiceCompatibleServiceRequestKind>
  <SpecialistServiceCompatibleServiceRequestKind public-id="cc:73">
    <Kind>quoteandservice</Kind>
    <Service public-id="svc:con_rpl_ele"/>
  </SpecialistServiceCompatibleServiceRequestKind>
  <SpecialistServiceCompatibleServiceRequestKind public-id="cc:74">
    <Kind>quoteonly</Kind>
    <Service public-id="svc:con_rpl_ele"/>
  </SpecialistServiceCompatibleServiceRequestKind>
  <SpecialistServiceCompatibleServiceRequestKind public-id="cc:75">
    <Kind>quoteandservice</Kind>
    <Service public-id="svc:pro_con_gen"/>
  </SpecialistServiceCompatibleServiceRequestKind>
  <SpecialistServiceCompatibleServiceRequestKind public-id="cc:76">
    <Kind>quoteonly</Kind>
    <Service public-id="svc:pro_con_gen"/>
  </SpecialistServiceCompatibleServiceRequestKind>
  <SpecialistServiceCompatibleServiceRequestKind public-id="cc:77">
    <Kind>quoteandservice</Kind>
    <Service public-id="svc:pro_con_car"/>
  </SpecialistServiceCompatibleServiceRequestKind>
  <SpecialistServiceCompatibleServiceRequestKind public-id="cc:78">
    <Kind>quoteonly</Kind>
    <Service public-id="svc:pro_con_car"/>
  </SpecialistServiceCompatibleServiceRequestKind>
  <SpecialistServiceCompatibleServiceRequestKind public-id="cc:79">
    <Kind>serviceonly</Kind>
    <Service public-id="svc:hom_eme_cle"/>
  </SpecialistServiceCompatibleServiceRequestKind>
  <SpecialistServiceCompatibleServiceRequestKind public-id="cc:80">
    <Kind>quoteandservice</Kind>
    <Service public-id="svc:aut_oth_cou"/>
  </SpecialistServiceCompatibleServiceRequestKind>
  <SpecialistServiceCompatibleIncidentType public-id="cc:1">
    <IncidentType>OtherStructureIncident</IncidentType>
    <Service public-id="svc:pro"/>
  </SpecialistServiceCompatibleIncidentType>
  <SpecialistServiceCompatibleIncidentType public-id="cc:2">
    <IncidentType>LivingExpensesIncident</IncidentType>
    <Service public-id="svc:acc"/>
  </SpecialistServiceCompatibleIncidentType>
  <SpecialistServiceCompatibleIncidentType public-id="cc:3">
    <IncidentType>MobilePropertyIncident</IncidentType>
    <Service public-id="svc:aut"/>
  </SpecialistServiceCompatibleIncidentType>
  <SpecialistServiceCompatibleIncidentType public-id="cc:4">
    <IncidentType>MobilePropertyIncident</IncidentType>
    <Service public-id="svc:con"/>
  </SpecialistServiceCompatibleIncidentType>
  <SpecialistServiceCompatibleIncidentType public-id="cc:5">
    <IncidentType>PropertyIncident</IncidentType>
    <Service public-id="svc:aut"/>
  </SpecialistServiceCompatibleIncidentType>
  <SpecialistServiceCompatibleIncidentType public-id="cc:6">
    <IncidentType>PropertyIncident</IncidentType>
    <Service public-id="svc:pro"/>
  </SpecialistServiceCompatibleIncidentType>
  <SpecialistServiceCompatibleIncidentType public-id="cc:7">
    <IncidentType>PropertyIncident</IncidentType>
    <Service public-id="svc:hom"/>
  </SpecialistServiceCompatibleIncidentType>
  <SpecialistServiceCompatibleIncidentType public-id="cc:8">
    <IncidentType>PropertyIncident</IncidentType>
    <Service public-id="svc:acc"/>
  </SpecialistServiceCompatibleIncidentType>
  <SpecialistServiceCompatibleIncidentType public-id="cc:9">
    <IncidentType>PropertyIncident</IncidentType>
    <Service public-id="svc:con"/>
  </SpecialistServiceCompatibleIncidentType>
  <SpecialistServiceCompatibleIncidentType public-id="cc:10">
    <IncidentType>Incident</IncidentType>
    <Service public-id="svc:aut"/>
  </SpecialistServiceCompatibleIncidentType>
  <SpecialistServiceCompatibleIncidentType public-id="cc:11">
    <IncidentType>Incident</IncidentType>
    <Service public-id="svc:pro"/>
  </SpecialistServiceCompatibleIncidentType>
  <SpecialistServiceCompatibleIncidentType public-id="cc:12">
    <IncidentType>Incident</IncidentType>
    <Service public-id="svc:hom"/>
  </SpecialistServiceCompatibleIncidentType>
  <SpecialistServiceCompatibleIncidentType public-id="cc:13">
    <IncidentType>Incident</IncidentType>
    <Service public-id="svc:acc"/>
  </SpecialistServiceCompatibleIncidentType>
  <SpecialistServiceCompatibleIncidentType public-id="cc:14">
    <IncidentType>Incident</IncidentType>
    <Service public-id="svc:con"/>
  </SpecialistServiceCompatibleIncidentType>
  <SpecialistServiceCompatibleIncidentType public-id="cc:15">
    <IncidentType>Incident</IncidentType>
    <Service public-id="svc:med"/>
  </SpecialistServiceCompatibleIncidentType>
  <SpecialistServiceCompatibleIncidentType public-id="cc:16">
    <IncidentType>InjuryIncident</IncidentType>
    <Service public-id="svc:med"/>
  </SpecialistServiceCompatibleIncidentType>
  <SpecialistServiceCompatibleIncidentType public-id="cc:17">
    <IncidentType>VehicleIncident</IncidentType>
    <Service public-id="svc:aut"/>
  </SpecialistServiceCompatibleIncidentType>
  <SpecialistServiceCompatibleIncidentType public-id="cc:18">
    <IncidentType>DwellingIncident</IncidentType>
    <Service public-id="svc:pro"/>
  </SpecialistServiceCompatibleIncidentType>
  <SpecialistServiceCompatibleIncidentType public-id="cc:19">
    <IncidentType>DwellingIncident</IncidentType>
    <Service public-id="svc:hom"/>
  </SpecialistServiceCompatibleIncidentType>
  <SpecialistServiceCompatibleIncidentType public-id="cc:20">
    <IncidentType>DwellingIncident</IncidentType>
    <Service public-id="svc:acc"/>
  </SpecialistServiceCompatibleIncidentType>
  <SpecialistServiceCompatibleIncidentType public-id="cc:21">
    <IncidentType>FixedPropertyIncident</IncidentType>
    <Service public-id="svc:pro"/>
  </SpecialistServiceCompatibleIncidentType>
  <SpecialistServiceCompatibleIncidentType public-id="cc:22">
    <IncidentType>FixedPropertyIncident</IncidentType>
    <Service public-id="svc:hom"/>
  </SpecialistServiceCompatibleIncidentType>
  <SpecialistServiceCompatibleIncidentType public-id="cc:23">
    <IncidentType>FixedPropertyIncident</IncidentType>
    <Service public-id="svc:acc"/>
  </SpecialistServiceCompatibleIncidentType>
  <SpecialistServiceCompatibleIncidentType public-id="cc:24">
    <IncidentType>BaggageIncident</IncidentType>
    <Service public-id="svc:con"/>
  </SpecialistServiceCompatibleIncidentType>
  <SpecialistServiceCompatibleIncidentType public-id="cc:25">
    <IncidentType>TripIncident</IncidentType>
    <Service public-id="svc:acc"/>
  </SpecialistServiceCompatibleIncidentType>
  <SpecialistServiceCompatibleIncidentType public-id="cc:26">
    <IncidentType>PropertyContentsIncident</IncidentType>
    <Service public-id="svc:con"/>
  </SpecialistServiceCompatibleIncidentType>
</import>