<?xml version="1.0" encoding="UTF-8"?>
<DataMapping
  xmlns:xsi="http://www.w3.org/2001/XMLSchema-instance"
  xsi:noNamespaceSchemaLocation="../../data-mapping.xsd">

  <EntityMapping source="CCPolicySummary" target="PolicySummary">
    <FieldMapping source="PolicyType" mapperClassName="gw.plugin.pcintegration.v1.mapping.ProductCodeMapper"/>
  </EntityMapping>

  <EntityMapping source="Policy" target="Policy">
    <FieldMapping source="Account" mapperClassName="gw.plugin.integration.mapping.NameTranslatingFieldMapper">
      <MapperProperty name="NewFieldName" value="AccountNumber"/>
    </FieldMapping>
    <FieldMapping source="PolicyType" mapperClassName="gw.plugin.pcintegration.v1.mapping.ProductCodeMapper"/>
    <FieldMapping source="AltContact" mapperClassName="gw.plugin.pcintegration.v1.mapping.ContactArrayFieldMapper"/>
    <FieldMapping source="CoveredParty" mapperClassName="gw.plugin.pcintegration.v1.mapping.ContactArrayFieldMapper"/>
    <FieldMapping source="ExcludedParty" mapperClassName="gw.plugin.pcintegration.v1.mapping.ContactArrayFieldMapper"/>
    <FieldMapping source="FormerAgent" mapperClassName="gw.plugin.pcintegration.v1.mapping.ContactArrayFieldMapper"/>
    <FieldMapping source="FormerCoveredParty" mapperClassName="gw.plugin.pcintegration.v1.mapping.ContactArrayFieldMapper"/>
    <FieldMapping source="FormerDoingBusinessAs" mapperClassName="gw.plugin.pcintegration.v1.mapping.ContactArrayFieldMapper"/>
    <FieldMapping source="FormerExcludedParty" mapperClassName="gw.plugin.pcintegration.v1.mapping.ContactArrayFieldMapper"/>
    <FieldMapping source="FormerInsured" mapperClassName="gw.plugin.pcintegration.v1.mapping.ContactArrayFieldMapper"/>
    <FieldMapping source="FormerPolicyHolder" mapperClassName="gw.plugin.pcintegration.v1.mapping.ContactArrayFieldMapper"/>
    <FieldMapping source="FormerUnderwriter" mapperClassName="gw.plugin.pcintegration.v1.mapping.ContactArrayFieldMapper"/>
    <FieldMapping source="InsuredRep" mapperClassName="gw.plugin.pcintegration.v1.mapping.ContactArrayFieldMapper"/>
    <FieldMapping source="MainContact" mapperClassName="gw.plugin.pcintegration.v1.mapping.ContactArrayFieldMapper"/>
    <FieldMapping source="Other" mapperClassName="gw.plugin.pcintegration.v1.mapping.ContactArrayFieldMapper"/>
    <FieldMapping source="WCCarrier" mapperClassName="gw.plugin.pcintegration.v1.mapping.ContactArrayFieldMapper"/>
  </EntityMapping>

  <EntityMapping source="Company" target="Company">
    <FieldMapping source="Caze" mapperClassName="gw.plugin.integration.mapping.NameTranslatingFieldMapper">
      <MapperProperty name="NewFieldName" value="Case"/>
    </FieldMapping>
  </EntityMapping>

  <!--
  This is an example of how to map incongruous typelists.  This mapping applies
  when trying to coerce a String field to an UnderwritingCompanyType field.  T
  he mapping here is as an example only; these codes are not really equivalent.
  -->
<!--
  <TypeListMapping typeList="UnderwritingCompanyType">
    <TypeCodeMapping source="1111_11111" target="child1"/>
  </TypeListMapping>-->

</DataMapping>