<WidgetTemplate name="FinancialCriterionMultiCurrencyTemplate"
                inputWidgetName="FinancialCriterionMultiCurrencyChoiceInput">

  <TemplateAttribute name="available" default="true" type="xsd:boolean"/>
  <TemplateAttribute name="chosenOptionVisible" default="false" type="xsd:boolean"/>

  <TextValue id="FinancialCurrencyLabel"
             editable="false"
             value="displaykey.Java.Search.Financials.Currency"
             visible="gw.api.util.CurrencyUtil.isMultiCurrencyMode()"/>
  <TypeKeyValue id="FinancialCurrency"
                available="#{available}"
                value="#{value}.Currency"
                visible="gw.api.util.CurrencyUtil.isMultiCurrencyMode()">
      <PostOnChange />
  </TypeKeyValue>
  <BR visible="gw.api.util.CurrencyUtil.isMultiCurrencyMode()"/>
  <TextValue id="FinancialExpressionTypeLabel"
             editable="false"
             value="displaykey.Java.Search.Financials.ExpressionType"
             visible="#{chosenOptionVisible}"/>
  <ExpressionRangeValue id="FinancialChosenOption"
                        available="(#{available})
                                   and ( gw.api.util.CurrencyUtil.isSingleCurrencyMode() or #{value}.Currency != null)"
                        optionLabel="gw.api.domain.DisplayKey.getDisplayKeyValue(VALUE)"
                        value="#{value}.ChosenOption"
                        valueRange="#{value}.Options"
                        visible="#{chosenOptionVisible}">
      <PostOnChange />
  </ExpressionRangeValue>
  <BR visible="#{chosenOptionVisible}"/>
  <TextValue id="FinancialAmountStartLabel"
             editable="false"
             value="displaykey.Java.Search.From"/>
  <TextValue id="FinancialAmountStart"
             available="(#{available})
                        and ( gw.api.util.CurrencyUtil.isSingleCurrencyMode() or #{value}.Currency != null)
                        and (#{value}.Options.length == 0 or #{value}.ChosenOption != null)"
             format="gw.api.util.CurrencyUtil.getCurrencyFormatExpression(#{value}.Currency)"
             numCols="10"
             value="#{value}.AmountStart"/>
  <TextValue id="FinancialAmountEndLabel" value="displaykey.Java.Search.To" editable="false"/>
  <TextValue id="FinancialAmountEnd"
             available="(#{available})
                        and ( gw.api.util.CurrencyUtil.isSingleCurrencyMode() or #{value}.Currency != null)
                        and (#{value}.Options.length == 0 or #{value}.ChosenOption != null)"
             format="gw.api.util.CurrencyUtil.getCurrencyFormatExpression(#{value}.Currency)"
             numCols="10"
             value="#{value}.AmountEnd"/>
</WidgetTemplate>