<WidgetTemplate name="PolicyDescriptionWidget" inputWidgetName="PolicyDescriptionInput">

  <Choice option="true" value="#{value}.PolicyVerified" visible="perm.Policy.createunverifiedpolicy and Wizard.QuickClaim == null" id="#{id}Verified">
    <PickerInput value="#{value}.VerifiedPolicyNumber" label="displaykey.Java.NewClaimWizard.Policy.SelectVerifiedPolicy" id="ClaimPolicy"
            pickLocation="#{pickLocation}" freeInputEnabled="true" editable="#{editable}" required="true"
            onPick="#{value}.pickVerifiedPolicy(PickedValue as PolicySummary)"
            showConfirmMessage="!Wizard.AtHighWaterMark and !#{value}.Changed"
            confirmMessage="displaykey.Java.NewClaimWizard.Policy.WillLosePolicyReferences"/>
  </Choice>
  <Choice option="false" value="#{value}.PolicyVerified" visible="perm.Policy.createunverifiedpolicy and Wizard.QuickClaim == null" id="#{id}Unverified">
    <Input value="#{value}.UnverifiedPolicyNumber" label="displaykey.Java.NewClaimWizard.Policy.CreateUnverifiedPolicy" id="ClaimUnverifiedPolicy"
            editable="#{editable}" required="true"
            showConfirmMessage="!Wizard.AtHighWaterMark and !#{value}.Changed"
            confirmMessage="displaykey.Java.NewClaimWizard.Policy.WillLosePolicyReferences"/>
    <RangeInput value="#{value}.UnverifiedPolicyType" label="displaykey.Java.NewClaimWizard.Policy.UnverifiedPolicyType" id="PolicyType"
            valueRange="Wizard.AvailablePolicyTypes" sortValueRange="true" editable="#{editable}" required="true"
            showConfirmMessage="!Wizard.AtHighWaterMark and !#{value}.Changed"
            confirmMessage="displaykey.Java.NewClaimWizard.Policy.WillLosePolicyReferences"/>
  </Choice>
  <PickerInput value="#{value}.VerifiedPolicyNumber" label="displaykey.Java.NewClaimWizard.Policy.SelectVerifiedPolicy" id="#{id}Simple"
          pickLocation="#{pickLocation}" freeInputEnabled="true" editable="#{editable}" required="true" boldLabel="false"
          visible="!perm.Policy.createunverifiedpolicy or Wizard.QuickClaim != null"
          onPick="#{value}.pickVerifiedPolicy(PickedValue as PolicySummary)"
          showConfirmMessage="!Wizard.AtHighWaterMark and !#{value}.Changed"
          confirmMessage="displaykey.Java.NewClaimWizard.Policy.WillLosePolicyReferences"/>
  <TextValue id="copyHack" value="null" editable="false" visible="false" argInitialValue="Wizard.copyPolicyDescription(#{value})" argType="String"/>

</WidgetTemplate>
