<?xml version="1.0" encoding="UTF-8"?>
<DataMapping
  xmlns:xsi="http://www.w3.org/2001/XMLSchema-instance"
  xsi:noNamespaceSchemaLocation="../../data-mapping.xsd">

  <EntityMapping source="CCCoverage" target="Coverage">
    <FieldMapping source="Deductible" mapperClassName="gw.plugin.pcintegration.pc702.mapping.CurrencyAmountMapper"/>
    <FieldMapping source="ExposureLimit" mapperClassName="gw.plugin.pcintegration.pc702.mapping.CurrencyAmountMapper"/>
    <FieldMapping source="IncidentLimit" mapperClassName="gw.plugin.pcintegration.pc702.mapping.CurrencyAmountMapper"/>
  </EntityMapping>

  <EntityMapping source="CCFinancialCovTerm" target="FinancialCovTerm">
    <FieldMapping source="FinancialAmount" mapperClassName="gw.plugin.pcintegration.pc702.mapping.CurrencyAmountMapper"/>
  </EntityMapping>

  <EntityMapping source="CCPolicy" target="Policy">
    <FieldMapping source="Account" mapperClassName="gw.plugin.integration.mapping.NameTranslatingFieldMapper">
      <MapperProperty name="NewFieldName" value="AccountNumber"/>
    </FieldMapping>
    <FieldMapping source="AltContact" mapperClassName="gw.plugin.pcintegration.pc702.mapping.ContactArrayFieldMapper"/>
    <FieldMapping source="CoveredParty" mapperClassName="gw.plugin.pcintegration.pc702.mapping.ContactArrayFieldMapper"/>
    <FieldMapping source="ExcludedParty" mapperClassName="gw.plugin.pcintegration.pc702.mapping.ContactArrayFieldMapper"/>
    <FieldMapping source="FormerAgent" mapperClassName="gw.plugin.pcintegration.pc702.mapping.ContactArrayFieldMapper"/>
    <FieldMapping source="FormerCoveredParty" mapperClassName="gw.plugin.pcintegration.pc702.mapping.ContactArrayFieldMapper"/>
    <FieldMapping source="FormerDoingBusinessAs" mapperClassName="gw.plugin.pcintegration.pc702.mapping.ContactArrayFieldMapper"/>
    <FieldMapping source="FormerExcludedParty" mapperClassName="gw.plugin.pcintegration.pc702.mapping.ContactArrayFieldMapper"/>
    <FieldMapping source="FormerInsured" mapperClassName="gw.plugin.pcintegration.pc702.mapping.ContactArrayFieldMapper"/>
    <FieldMapping source="FormerPolicyHolder" mapperClassName="gw.plugin.pcintegration.pc702.mapping.ContactArrayFieldMapper"/>
    <FieldMapping source="FormerUnderwriter" mapperClassName="gw.plugin.pcintegration.pc702.mapping.ContactArrayFieldMapper"/>
    <FieldMapping source="InsuredRep" mapperClassName="gw.plugin.pcintegration.pc702.mapping.ContactArrayFieldMapper"/>
    <FieldMapping source="MainContact" mapperClassName="gw.plugin.pcintegration.pc702.mapping.ContactArrayFieldMapper"/>
    <FieldMapping source="Other" mapperClassName="gw.plugin.pcintegration.pc702.mapping.ContactArrayFieldMapper"/>
    <FieldMapping source="WCCarrier" mapperClassName="gw.plugin.pcintegration.pc702.mapping.ContactArrayFieldMapper"/>
  </EntityMapping>

  <EntityMapping source="CCContact" target="Contact">
    <FieldMapping source="FaxPhone" mapperClassName="gw.plugin.pcintegration.pc702.mapping.PhoneNumberMapper"/>
    <FieldMapping source="HomePhone" mapperClassName="gw.plugin.pcintegration.pc702.mapping.PhoneNumberMapper"/>
    <FieldMapping source="WorkPhone" mapperClassName="gw.plugin.pcintegration.pc702.mapping.PhoneNumberMapper"/>
  </EntityMapping>

  <EntityMapping source="CCPerson" target="Person">
      <FieldMapping source="CellPhone" mapperClassName="gw.plugin.pcintegration.pc702.mapping.PhoneNumberMapper"/>
  </EntityMapping>

  <EntityMapping source="CCCompany" target="Company">
    <FieldMapping source="Caze" mapperClassName="gw.plugin.integration.mapping.NameTranslatingFieldMapper">
      <MapperProperty name="NewFieldName" value="Case"/>
    </FieldMapping>
  </EntityMapping>

  <!--
  This mapping handles a difference between PC and CC out-of-the-box configurations.
  PC has classcodes as 4-digit strings but CC has them as 6-digit strings.  This
  mapping pads PC's classcodes so they are legal in CC.  If there is a custom
  configuration that changes the classcode formats, don't use this mapping.
  -->
  <EntityMapping source="CCClassCode" target="ClassCode">
    <FieldMapping source="Code" mapperClassName="gw.plugin.pcintegration.pc702.mapping.ClassCodeMapper"/>
  </EntityMapping>

  <!-- Maps the CoverableID to the RiskUnit's external risk ID -->
  <EntityMapping source="CCRiskUnit" target="RiskUnit">
      <FieldMapping source="PolicySystemID" mapperClassName="gw.plugin.integration.mapping.NameTranslatingFieldMapper">
          <MapperProperty name="NewFieldName" value="PolicySystemId"/>
      </FieldMapping>
  </EntityMapping>

  <!--
  This is an example of how to map incongruous typelists.  This mapping applies
  when trying to coerce a String field to an UnderwritingCompanyType field.  T
  he mapping here is as an example only; these codes are not really equivalent.
  -->
 <!-- <TypeListMapping typeList="UnderwritingCompanyType">
    <TypeCodeMapping source="1111_11111" target="child1"/>
  </TypeListMapping>-->

</DataMapping>